,connection_type,correspondent,date,reformatted_date,from,to,location,full_text,source,index_shapiro_themes,index_shapiro_people,index_shapiro_texts,uuid
0,correspondence,"Barclay, Robert",['04/24/1676'],"24 April, 1676","Barclay, Robert",Princess Elisabeth,['London'],Y,['Shapiro 186-8'],[],"['Barclay, David']",[],59653e84-9774-411e-9459-3bc554edbf66
1,correspondence,"Barclay, Robert","['07/21/1676', '07/31/1676']","21/31 July, 1676",Princess Elisabeth,"Barclay, Robert",['Herford'],Y,"['Webb 327-8', 'Hodgkin 256-7', 'Shapiro 188-9']",['Aberdeen Prison'],"['Barclay, David', 'Furly, Benjamin']",[],2aa4561a-907b-41dd-ad97-5d3e2ad79c1f
2,correspondence,"Barclay, Robert",['09/06/1676'],"Sep. 6, 1676","Barclay, Robert",Princess Elisabeth,['Edinburgh'],Y,['Shapiro 189-90'],['Aberdeen Prison'],"['Barclay, David']",[],f4828eed-528c-45e9-83bc-8ea749f1fe47
3,correspondence,"Barclay, Robert",['10/06/1676'],"Oct. 6, 1676",Princess Elisabeth,"Barclay, Robert",[],Y,"['Shapiro 190-1', 'Godfrey 323-4']","['Aberdeen Prison', 'Hanover, Elector of (Ernst Augustus, Duke of Brunswick-Lüneburg)']","['Brandenburg, Elector of (Frederick William)', 'Furly, Benjamin']",[],f75f8ac8-7882-4c4c-b3c4-508c3761e481
4,correspondence,"Barclay, Robert",['10/28/1676'],28 October 1676,"Barclay, Robert",Princess Elisabeth,['Ury'],Y,['Shapiro 191-2'],"['Aberdeen Prison', 'Hanover, Elector of (Ernst Augustus, Duke of Brunswick-Lüneburg)']","['Furly, Benjamin']",[],e2f82e1c-515e-44d7-b0ef-0b9503ed65ff
5,correspondence,"Barclay, Robert","['12/01/1676', '12/11/1676']",1/11 December 1676,Princess Elisabeth,"Barclay, Robert",[],Y,['Shapiro 192-3'],"['Hanover, Elector of (Ernst Augustus, Duke of Brunswick-Lüneburg)']",[],[],567d1110-57fc-4b36-8975-1a7bb12ad655
6,correspondence,"Barclay, Robert",['10/24/1676'],24 October 1676,"Barclay, Robert",Princess Elisabeth,['Aberdeen Prison'],Y,"['Shapiro 193-5', 'Godfrey 325']",['imprisonment at Aberdeen'],"['Barclay, Robert,']",[],69cd6fc9-a6da-47e4-8960-0b50b0badf42
7,correspondence,"Barclay, Robert","['02/09/1677', '02/19/1677']",9/19 February 1677,Princess Elisabeth,"Barclay, Robert",[],Y,"['Shapiro 196', 'Godfrey 325']","['good(s), actions, rule for', 'imprisonment at Aberdeen']","['Barclay, Robert,']",[],23f083b6-aa9f-458d-b36b-8286c18edd6b
8,correspondence,"Barclay, Robert",['03/05/1677'],5 March 1677,"Barclay, Robert",Princess Elisabeth,['Aberdeen Prison'],Y,"['Shapiro 196-99', 'Godfrey 325-6']","['good(s), actions, rule for', 'imprisonment at Aberdeen', 'Hanover, Elector of (Ernst Augustus, Duke of Brunswick-Lüneburg)']","['Barclay, Robert,']",[],5e37e53d-e6fc-4992-bb12-001669115380
9,correspondence,"Barclay, Robert","['03/01/1677', '03/11/1677']","March 1/11, 1677",Princess Elisabeth,"Barclay, Robert",[],Y excerpt,[],[],[],[],1dab6e48-4437-4260-b95c-66c5b59b8d7b
10,correspondence,"Barclay, Robert",['03/16/1677'],16 March 1677,"Barclay, Robert",Princess Elisabeth,['Aberdeen Prison'],Y,"['Shapiro 199-201', 'Godfrey 326']",['imprisonment at Aberdeen'],"['Barclay, Robert,']",[],b72507d0-1bcc-4834-abf7-f9300fd4bdc8
11,correspondence,"Barclay, Robert",['06/15/1677'],15 June 1677,"Barclay, Robert",Princess Elisabeth,['London'],Y,['Shapiro 201-3'],['imprisonment at Aberdeen'],"['Barclay, Robert, Craven, William, Lord and Earl of', 'Furly, Benjamin']",[],136836f0-9f45-4b47-83f9-d7900264d257
12,correspondence,"Barclay, Robert","['06/06/1677', '06/16/1677']",6/16 July 1677,Princess Elisabeth,"Barclay, Robert",[],Y,['Shapiro 203'],"['Hanover, Elector of (Ernst Augustus, Duke of Brunswick-Lüneburg)']","['Craven, William, Lord and Earl of', 'Furly, Benjamin']",[],f3abc847-5f84-44dc-a2a9-e4ad18cc9118
13,correspondence,"Barclay, Robert","['03/01/1677', '03/11/1677']",1/11 March 1677,Princess Elisabeth,"Barclay, Robert",[],Y,['Shapiro 204-5'],[],"['Conway, Anne', 'York, Duke of ( James Stuart or James II of England)']",[],98e02b00-de22-4ffb-8526-ef25a867b702
14,correspondence,"Barclay, Robert",['07/12/1677'],12 July 1677,"Barclay, Robert",Princess Elisabeth,['Theobalds near London'],Y,['Shapiro 205-6'],[],"['York, Duke of ( James Stuart or James II of England)']",[],461bb619-787a-458e-84fa-e7da8e3e3bab
15,correspondence,"Barclay, Robert",['11/25/1677'],25 November 1677,Princess Elisabeth,"Barclay, Robert",['Ruden'],Y,['Shapiro 206-7'],[],"['York, Duke of ( James Stuart or James II of England)']",[],703a194b-de68-425b-a9ca-3d6908a22d82
16,correspondence,"Barclay, Robert",['12/28/1677'],28 December 1677,"Barclay, Robert",Princess Elisabeth,['Ury'],Y,['Shapiro 207-9'],[],"['Conway, Anne']",[],3ed254eb-4c8f-4dd6-92ff-ccc8b0c3debd
17,correspondence,"Barclay, Robert",['10/27/1678'],"Oct. 27, 1678","Barclay, Robert",Sarah Fell,[],Y,['Webb 342'],[],[],[],656c4b89-8b8f-4648-8e89-ed2af95dce28
18,correspondence,"Barclay, Robert",['05/06/1679'],6 May 1679,"Barclay, Robert",Princess Elisabeth,['Rotterdam'],Y,['Shapiro 209-10'],[],[],[],7695c2c0-aab2-45c2-b171-2871529204c1
19,correspondence,"Chanut, Pierre",['02/19/1650'],"Feb. 19, 1650","Chanut, Pierre",Princess Elisabeth,[],Y,['Godfrey 219'],[],[],[],f46bdd0b-04c3-4a23-8f98-f85f22326c2e
20,correspondence,"Chanut, Pierre",['04/??/1650'],"April, 1650","Chanut, Pierre",Princess Elisabeth,[],Y,['Godfrey 219-222'],[],[],[],e2d74fab-9e8a-4e89-8640-5bf81d0d29e9
21,correspondence,"Charles Louis, Elector Palatine",['04/30/1660'],"April 30, 1660",Princess Elisabeth,"Charles Louis, Elector Palatine",['Krossen'],Y,['Godfrey 283'],[],[],[],4a438ed2-185d-4848-9d6e-59d159be9992
22,correspondence,"Charles Louis, Elector Palatine","['09/??/1650', '10/??/1650', '11/??/1650']",Autumn 1650,Princess Elisabeth,"Charles Louis, Elector Palatine",['Krossen'],Y,['Godfrey 230-232'],[],[],[],d3acbdec-7efe-4884-9189-0bb853e2135c
23,correspondence,"Charles Louis, Elector Palatine",['12/??/1650'],December 1650,Princess Elisabeth,"Charles Louis, Elector Palatine",['Krossen'],Y excerpts,['Godfrey 233'],[],[],[],d350c97e-d62e-4107-9a7b-35237f54d58d
24,correspondence,"Charles Louis, Elector Palatine",['12/24/1650'],"December 24, 1650",Princess Elisabeth,"Charles Louis, Elector Palatine",['Krossen'],Y,['Godfrey 233-234'],[],[],[],eb6a1ca5-8d0b-45bc-8bf1-4204e0192c2d
25,correspondence,"Charles Louis, Elector Palatine",['01/??/1651'],"Early 1651, after CL's response to the ibid. letter",Princess Elisabeth,"Charles Louis, Elector Palatine",['Krossen'],Y excerpts,['Godfrey 235'],[],[],[],53d274dd-9948-46d2-befb-0afa76aeb20e
26,correspondence,"Charles Louis, Elector Palatine","['01/??/1651', '02/??/1651']","Two weeks after ibid., a response to letter from CL a week after ibid.",Princess Elisabeth,"Charles Louis, Elector Palatine",['Krossen'],Y,['Godfrey 235-6'],[],[],[],3955cba2-efdb-40c1-812f-44d27b0f6ead
27,correspondence,"Charles Louis, Elector Palatine",['02/17/1651'],"Feb. 17, 1651",Princess Elisabeth,"Charles Louis, Elector Palatine",['Krossen'],Y excerpt,['Godfrey 239-40'],[],[],[],a18fadc2-de64-46f6-ac92-112607b6023f
28,correspondence,"Charles Louis, Elector Palatine",['??/??/????'],1652? ,Princess Elisabeth,"Charles Louis, Elector Palatine",[],Y,['Godfrey 253-4'],[],[],[],b8a037fb-8392-4ca5-a62a-fda517c5ee49
29,correspondence,"Charles Louis, Elector Palatine",['09/??/1652'],September 1652,Princess Elisabeth,"Charles Louis, Elector Palatine",['Heidelberg'],Y excerpt,['Godfrey 259-60'],[],[],[],dd28bd2d-105e-4d3f-8b9b-c34581baf40f
30,correspondence,"Charles Louis, Elector Palatine",['10/??/1652'],October 1652,Princess Elisabeth,"Charles Louis, Elector Palatine",['Heidelberg'],Y,['Godfrey 260-1'],[],[],[],f816db01-dd63-425d-b70f-9ec4d9c2c3e5
31,correspondence,"Charles Louis, Elector Palatine",['06/??/1652'],June 1652,Princess Elisabeth,"Charles Louis, Elector Palatine",['Augsburg'],N,['Godfrey 261'],[],[],[],15db69d1-3fa9-4ea7-9fbf-4d47a0d025c4
32,correspondence,"Charles Louis, Elector Palatine","['06/??/1653', '07/??/1653', '08/??/1653']",Summer of 1653,Princess Elisabeth,"Charles Louis, Elector Palatine",['Augsburg'],N,['Godfrey 261'],[],[],[],d6fea398-3bab-4ea9-9f2a-78ee6b0b8fe9
33,correspondence,"Charles Louis, Elector Palatine",['12/20/1672'],"Dec. 20, 1672","Charles Louis, Elector Palatine",Princess Elisabeth,['Fredericksburg'],Y,['Foucher 187-8'],[],[],[],35abffeb-25d7-4d9d-bc5a-e87fe16b1484
34,correspondence,"Charles Louis, Elector Palatine",['01/27/1674'],"Jan. 27, 1674","Charles Louis, Elector Palatine",Princess Elisabeth,[],Y,['Foucher 189-90'],[],[],[],137f235b-dab8-4bc8-903a-531ae7cbde15
35,correspondence,"Charles Louis, Elector Palatine",['03/07/1674'],"March 7, 1674","Charles Louis, Elector Palatine",Princess Elisabeth,['Fredericksburg'],Y,['Foucher 191-192'],[],[],[],d7cd8f4b-a745-47a0-8fd1-c405e7c11d3c
36,correspondence,"Charles Louis, Elector Palatine","['10/14/1676', '10/24/1676']","Oct. 14/24, 1676","Charles Louis, Elector Palatine",Princess Elisabeth,['Fredericksburg'],Y,['Foucher 193'],[],[],[],f2e6c836-b79e-451b-9179-4d8c8b991337
37,correspondence,"Charles Louis, Elector Palatine","['10/09/1676', '10/17/1676']","Oct. 9/17, 1676","Charles Louis, Elector Palatine",Princess Elisabeth,[],Y,['Foucher 194-5'],[],[],[],4267cea5-adee-478f-90e1-69852302a97d
38,correspondence,"Charles Louis, Elector Palatine","['02/03/1677', '03/13/1677']","Feb. 3/13, 1677","Charles Louis, Elector Palatine",Princess Elisabeth,[],Y,['Foucher 196'],[],[],[],6832daa0-f697-4071-b235-6e406c6899d3
39,correspondence,"Charles Louis, Elector Palatine",['03/05/1677'],"March 5, 1677","Charles Louis, Elector Palatine",Princess Elisabeth,[],Y,['Foucher 197-8'],[],[],[],1719341d-b824-4517-a370-e34e1f4ca7b0
40,correspondence,"Charles Louis, Elector Palatine","['12/15/1677', '12/25/1677']","March 5, 1677","Charles Louis, Elector Palatine",Princess Elisabeth,[],Y,['Foucher 200-201'],[],[],[],301510e3-d9e3-4e88-bfba-d74edd726adc
41,correspondence,"Charles Louis, Elector Palatine",['03/16/1678'],"March 16, 1678","Charles Louis, Elector Palatine",Princess Elisabeth,[],Y,['Foucher 202-203'],[],[],[],e310503f-f3af-4163-a7ef-92e293a63120
42,correspondence,"Charles Louis, Elector Palatine","['07/05/1678', '07/15/1678', '07/05/1579', '07/15/1679']","July 5/15, [1678/9]","Charles Louis, Elector Palatine",Princess Elisabeth,[],Y,['Foucher 204-5'],[],[],[],0f8f990d-a623-41ee-800c-4944ec4a63a0
43,correspondence,"Charles Louis, Elector Palatine",['08/01/1679'],"Aug. 1, 1679","Charles Louis, Elector Palatine",Princess Elisabeth,[],N,['mentioned in Foucher 206'],[],[],[],31709d67-79e4-42e6-92d6-851b062c1eb7
44,correspondence,"Charles Louis, Elector Palatine",['08/09/1679'],"Aug. 9, 1679","Charles Louis, Elector Palatine",Princess Elisabeth,['Fredericksburg'],Y,['Foucher 206'],[],[],[],81649ccd-d003-4b19-add2-d6842a937b12
45,correspondence,"Charles Louis, Elector Palatine",['09/07/1679'],"Sep. 7, 1679","Charles Louis, Elector Palatine",Princess Elisabeth,[],Y,['Foucher 207'],[],[],[],03e542c0-8e06-48dd-8264-7dc7920bc6f0
46,correspondence,"Charles Louis, Elector Palatine","['09/12/1679', '09/22/1679']","September 12/22, 1679",Princess Elisabeth,"Charles Louis, Elector Palatine",[],N,"['Godfrey', '344']",[],[],[],69dec0ed-aeec-4296-b8b9-45c8c907c86a
47,correspondence,"Charles Louis, Elector Palatine","['10/18/1679', '10/28/1679']","Oct. 18/28, 1679","Charles Louis, Elector Palatine",Princess Elisabeth,['Fredericksburg'],Y,['Foucher 210-1'],[],[],[],cbd99470-052b-4512-9cd7-4bd10f8210a0
48,correspondence,"Charles Louis, Elector Palatine","['10/20/1679', '10/30/1679']","Oct. 20/30, 1679","Charles Louis, Elector Palatine",Princess Elisabeth,['Fredericksburg'],Y,"['Foucher 212', 'Godfrey 346']",[],[],[],8657f8cc-15ec-4eb8-9b33-9c030719438b
49,correspondence,"Charles Louis, Elector Palatine",['06/24/1680'],"June 24, 1680","Charles Louis, Elector Palatine",Princess Elisabeth,['Fredericksburg'],Y,['Foucher 215'],[],[],[],8b643144-d469-4f88-8340-6bf89d70b55c
50,correspondence,"Colvius, Andreas",['??/??/1643'],1643,"Colvius, Andreas",Princess Elisabeth,[],Y excerpt,['Pal 47'],[],[],[],4e54a1e8-ee52-46c1-b60d-601c82e459b9
51,correspondence,"Coventry, Henry",['07/07/1673'],"July 7, 1673",Princess Elisabeth,"Coventry, Henry",[],Y excerpt,['Pal 256'],[],[],[],16609446-b2fa-42c3-b871-838846af4036
52,correspondence,"Descartes, René",['05/06/1643'],"May 6, 1643",Princess Elisabeth,"Descartes, René",['The Hague'],Y,['Shapiro 61-2'],"['causation/causes: mechanist account(s)', 'motions/movement: determination of', 'power: of the soul to act on the body', 'thought /thinking, as action of the soul', 'action(s), human: voluntary', 'souls: as a substance', 'substance(s), immaterial', 'causation/causes: in mind-body interaction', 'Elisabeth, Princess of Bohemia: concern with privacy of correspondence', 'motions/movement: capacity/power to move and be moved', 'voluntary action', 'souls: nature of', 'souls: interaction with the body', 'souls: as thinking', 'animal spirits', 'real distinction, between thinking and extended substances', 'substance(s), separate from action', 'souls: as nonextended and immaterial']","['Pollot, Alfonse (Palotti)']",['Meditations on First Philosophy'],a5dca802-a031-4ef3-aecf-f7f3a65d9d0f
53,correspondence,"Descartes, René",['05/21/1643'],"May 21, 1643","Descartes, René",Princess Elisabeth,['Egmond du Hoef'],Y,['Shapiro 63-7'],"['primitive notions', 'body/bodies, power with which one acts on another', 'motions/movement: and extension', 'union of mind and body, and real distinction', 'power: of one body to act on another body', 'thought /thinking', 'heaviness, as analogous mind-body union', 'senses, and notions of extension', 'souls: primitive notion of', 'body/bodies, notions belonging to body alone', 'power: of the body to act on the soul', 'body, human: distinct from the soul/mind', 'quality/qualities: real', 'analogy/analogies: heaviness as a real quality to union of soul and body', 'souls: distinction from body', 'body, human: interaction with soul/mind', 'body/bodies', 'passion', 'souls: union with the body', 'power: of the soul to act on the body', 'souls: and imagination', 'union of mind and body, as primitive notion', 'will: inclination of', 'real qualities', 'power: of heaviness to move a body', 'real distinction', 'substance(s), versus qualities', 'knowledge, and primitive notions', 'passion, and knowledge of mind-body union', 'number, as a primitive notion', 'sensations', 'thought /thinking, primitive notion of', 'imagination', 'souls: power to act on/move the body', 'sovereign good', 'being, as a primitive notion', 'extension: primitive notion of', 'understanding', 'heaviness, scholastic account of as a real quality', 'souls: knowledge of', 'wonder', 'causation/causes: in mind-body interaction', 'Elisabeth, Princess of Bohemia: concern with privacy of correspondence', 'motions/movement: capacity/power to move and be moved', 'souls: nature of', 'souls: interaction with the body', 'souls: as thinking', 'real distinction, between the soul/mind and the body', 'body, human: union with soul/mind', 'duration as a primitive notion']",[],"['Meditations on First Philosophy', 'Meditations on First Philosophy, Replies to the Sixth Set of Objections']",1d320f4d-ac44-4b26-9118-840b853994de
54,correspondence,"Descartes, René",['06/10/1643'],"June 10, 1643",Princess Elisabeth,"Descartes, René",['The Hague'],Y,['Shapiro 67-9'],"['extension: of the soul/mind', 'heaviness, as analogous mind-body union', 'quality of life: and ability to philosophize', 'souls: as material and extended', 'power: of the body to act on the soul', 'quality/qualities: real', 'senses', 'analogy/analogies: heaviness as a real quality to union of soul and body', 'body, human: interaction with soul/mind', 'body/bodies', 'power: of the soul to act on the body', 'real qualities', 'habit(s)/Habituation', 'body, human: ability to govern the soul/mind', 'power: of heaviness to move a body', 'thought/thinking, affected by state of the body', 'matter: negation of', 'souls: capacities of affected by bodily state', 'meditation', 'truths', 'perfections, of God', 'immaterial thing', 'imagination', 'souls: power to act on/move the body', 'mind: materialist account of', 'heaviness, scholastic account of as a real quality', 'Bohemia, House of', 'causation/causes: in mind-body interaction', 'vapor(s)', 'motions/movement: capacity/power to move and be moved', 'souls: interaction with the body', 'souls: immateriality of', 'substance(s), immaterial', 'passion, and actions', 'reason/reasoning, dependence on bodily health', 'souls: as nonextended and immaterial']",[],['Meditations on First Philosophy'],23ffb4c1-334c-4c12-aa1c-65718f65958e
55,correspondence,"Descartes, René",['06/28/1643'],"June 28, 1643","Descartes, René",Princess Elisabeth,['Egmond du Hoef'],Y,['Shapiro 69-71'],"['mathematics, and knowledge of body', 'motions/movement: knowledge of', 'extension: of the soul/mind', 'primitive notions', 'union of mind and body, and real distinction', 'metaphysics, and knowledge of God', 'souls: as a substance', 'thought /thinking', 'heaviness, as analogous mind-body union', 'senses, versus imagination and understanding', 'senses, and knowledge of mind-body union', 'metaphysics, and knowledge of the soul', 'souls: primitive notion of', 'body/bodies, knowl- edge of', 'souls: as material and extended', 'memory', 'mind: incapable of simultaneously conceiving distinction and union of soul and body', 'body, human: distinct from the soul/mind', 'quality/qualities: real', 'analogy/analogies: heaviness as a real quality to union of soul and body', 'souls: distinction from body', 'body, human: interaction with soul/mind', 'souls: union with the body', 'metaphysics', 'understanding, versus imagination and sensation', 'real qualities', 'passion, and medicine', 'union of mind and body, knowledge of', 'imagination, versus sensation and understanding', 'real distinction, between the soul/mind and the body', 'extension: conceived by understanding and imagination', 'meditation', 'understanding, pure', 'thought /thinking, as extended', 'conversation, and knowledge of soul- body union', 'souls: as separable from body', 'imagination', 'Utrecht, University of', 'souls: power to act on/move the body', 'mind: materialist account of', 'souls: conception of', 'understanding', 'heaviness, scholastic account of as a real quality', 'souls: knowledge of', 'Descartes, René: on his critics', 'metaphysics, study of, versus senses and imagination', 'philosophy and philosophers, counter to knowledge of soul-body union', 'vapor(s)', 'motions/movement: capacity/power to move and be moved', 'God: knowledge of', 'pure understanding', 'body/bodies, as substance', 'mind: needs relaxation', 'extension: of matter', 'souls: interaction with the body', 'metaphysics, principles of', 'thought /thinking, united to a body', 'imagination, and knowledge of bodies', 'body, human: union with soul/mind']",[],[],7289b39b-2fe0-42e9-96ab-23c75a178d30
56,correspondence,"Descartes, René",['07/01/1643'],"July 1, 1643",Princess Elisabeth,"Descartes, René",['The Hague'],Y,['Shapiro 72-3'],"['souls: unknown properties of', 'error, rule for avoiding', 'body, human: interaction with soul/mind', 'extension: of the soul/mind', 'imagination, versus sensation and understanding', 'thought /thinking, and extension', 'scholastic philosophy/philosophers', 'senses, versus imagination and understanding', 'motions/movement: capacity/power to move and be moved', 'Holenmerism', 'health, bodily, conservation of', 'understanding, versus imagination and sensation', 'souls: nature of', 'souls: interaction with the body', 'imagination', 'souls: power to act on/move the body', 'souls: as nonextended and immaterial']","['Bergen, Anthonie Studler Van Surck, sieur de']",['Meditations on First Philosophy'],a017ce77-ff61-4442-95ba-1ab37a4a7ce7
57,correspondence,"Descartes, René",['11/17/1643'],"November 17, 1643","Descartes, René",Princess Elisabeth,['Egmond du Hoef'],Y,"['Shapiro 73-7', 'Foucher 54', 'Bennett 8']","['geometry: method of problem solving', 'body, human: interaction with soul/mind', 'geometry: problem of three circles (Apollonius’s problem)']","['Bergen, Anthonie Studler Van Surck, sieur de', 'Pollot, Alfonse (Palotti)']",[],428778d6-70d2-43e7-a5ac-53bafdf8a060
58,correspondence,"Descartes, René",['11/21/1643'],"November 21, 1643",Princess Elisabeth,"Descartes, René",['The Hague'],Y,"['Shapiro 77', 'Foucher 54-5']","['geometry: method of problem solving', 'Apollonius’s problem', 'geometry: problem of three circles (Apollonius’s problem)']","['Pollot, Alfonse (Palotti)', 'Stampioen, Johan']",[],c778f404-03ab-480b-a77b-3c906a21a77e
59,correspondence,"Descartes, René",['11/29/1643'],"November 29, 1643","Descartes, René",Princess Elisabeth,['Egmond du Hoef'],Y,['Shapiro 78-81'],"['joy', 'reason/reasoning, kinds of', 'metaphysics, versus algebra', 'geometry: method of problem solving', 'Apollonius’s problem', 'vanity', 'geometry: problem of three circles (Apollonius’s problem)']",[],[],ff38e0be-4019-401b-a9d9-4a3621c29ffb
60,correspondence,"Descartes, René",['07/08/1644'],"July 8, 1644","Descartes, René",Princess Elisabeth,['Paris'],Y,"['Shapiro 81-2', 'Bennett 8-9']","['will: and the passions', 'motions/movement: of the body', 'souls: excited by body', 'Elisabeth, Princess of Bohemia: health of', 'animal spirits', 'will: and conduct of the animal spirits', 'passion, expression(s)', 'body, human: construction of', 'joy', 'passion, physiology of', 'medicine: remedies for illness', 'thought /thinking, turning of', 'thought /thinking, relation to movements of body', 'souls: power over body', 'anger', 'expression of passions', 'spirits, animal', 'body, human: ability to excite soul', 'passion, regulation of', 'fear', 'health, bodily, conservation of', 'shame', ""health, bodily, Elisabeth's"", 'remedies', 'passion, and health', 'health, bodily, and remedies for illness', 'astrologers', 'Descartes, René: travel to/from France', 'laughter', 'souls: and determination of animal spirits', 'compassion', 'souls: interaction with the body', 'body, human: power of soul over', 'mind: power over body', 'power: of the soul over the body']",[],[],0e35c7be-3e6b-48e2-bbe6-9af159a0ea63
61,correspondence,"Descartes, René",['08/01/1644'],"August 1, 1644",Princess Elisabeth,"Descartes, René",['The Hague'],Y,"['Shapiro 82-4', 'Foucher 56-8', 'Bennett 10-1']","['conscience', 'understanding', 'matter: subtle', 'body/bodies', 'magnetic attraction, and shell-shaped particles', 'Principles of Philosophy, observations explained in', 'will: and understanding', 'quicksilver', 'moral philosophy', 'health, bodily, conservation of', 'particles, shell-shaped', 'Principles of Philosophy, dedication of', 'moral philosophy, maxims of', 'heaviness, of quicksilver', 'good(s), knowledge of', 'friendship']","['Aristotle', 'Bergen, Anthonie Studler Van Surck, sieur de', 'Voetius, Gisbertus']",['Principles of Philosophy'],2ad09e4e-8f9f-4e64-882d-d23ffa8693b4
62,correspondence,"Descartes, René",['08/??/1644'],August 1644,"Descartes, René",Princess Elisabeth,['Le Crevis'],Y,"['Shapiro 84-5', 'Bennett 11-2']","['matter: subtle', 'magnetic attraction, and shell-shaped particles', 'Descartes, René: travel to The Hague', 'subtle matter, and terrestrial bodies', 'quicksilver', 'moral philosophy', 'particles, shell-shaped', 'subtle matter, and magnetism', 'heaviness, of quicksilver']",[],['Principles of Philosophy'],52ab9379-5881-454a-abf4-119fd5fd9c3f
63,correspondence,"Descartes, René",['05/18/1645'],"May 18, 1645","Descartes, René",Princess Elisabeth,['Egmond du Hoef'],Y,"['Shapiro 85-88', 'Foucher 61 (summary)', 'Bennett 12-3']","['good(s), just value of', 'attention, diversion of', 'souls: contentment of', 'passion, and reason', 'virtue(s), contentment of mind and', 'sadness, and fortune', 'contentment (of mind), causes of', 'quality of life: and ability to philosophize', 'Fortune', 'Elisabeth, Princess of Bohemia: health of', 'pain', 'felicity, and fortune', 'reason/reasoning, strength of', 'contentment (of mind)', 'immortality of the soul', 'passion', 'action(s), human: praise- and blame-worthy', 'virtue(s), fortune and', 'mind: diversion to other thoughts', 'philosophy and philosophers, cruel', 'souls: immortality of', 'Stoic philosophy', 'sadness, and health', 'passion, physiology of', 'duty, knowledge of', 'theater, and passions', 'medicine: remedies for illness', 'souls: role in disorders/health of body', 'conscience', 'body, human: influence of soul on', 'moral psychology', 'passion, regulation of', 'souls: great /strong versus vulgar/weak', 'moral philosophy', ""health, bodily, Elisabeth's"", 'Epicurus: on pleasure', 'tragedies, and happiness/sadness', 'passion, and health', 'sadness', 'felicity, dependent on oneself', 'passion, and contentment', 'reason/reasoning, and the passions', 'Descartes, René: on his solitude', 'compassion', 'friendship']","['Pollot, Alfonse (Palotti)']",[],fd329904-3572-401c-8bdb-e4fa32880332
64,correspondence,"Descartes, René",['05/24/1645'],"May 24, 1645",Princess Elisabeth,"Descartes, René",['The Hague'],Y,"['Shapiro 88-90', 'Bennett 14-5', 'Foucher 61-4']","['motions/movement: versus determination', 'White, Thomas (Albanus)', 'Fortune', 'Elisabeth, Princess of Bohemia: health of', 'heart, movements of, and passions', 'felicity, and fortune', 'body/bodies', 'sadness, and health', 'mind: role in disorders of body', 'souls: role in disorders/health of body', 'sadness, physiology of', 'body, human: disorders of', 'conscience', 'passion, and medicine', 'body, human: influence of soul on', ""health, bodily, Elisabeth's"", 'remedies', 'heart, movements of', 'body, human: and weakness of sex', 'spleen, function of', 'anxiety', 'health, bodily, and remedies for illness', 'passion, and health', 'Bohemia, House of', 'Elisabeth, Princess of Bohemia: concern with privacy of correspondence', 'reason/reasoning, and the passions', 'Descartes, René: on his solitude', 'spa, waters of', 'evils', 'sex, female, weakness of', 'friendship']","['Beverwyck, Johan', 'Digby, Kenelm', 'Jonson, Samson', 'Pollot, Alfonse (Palotti)']",[],ac4c5f30-512f-4cef-8bcf-5538470a10c9
65,correspondence,"Descartes, René","['05/??/1645, 06/??/1645']","May or June, 1645","Descartes, René",Princess Elisabeth,['Egmond du Hoef'],Y,"['Shapiro 91-3', 'Foucher 65 (summary)', 'Bennett 15-6']","['imagination, and health', 'attention, diversion of', 'good(s)', 'imagination, diversion of', 'thought /thinking', 'senses, diversion of', 'senses, versus imagination and understanding', 'Elisabeth, Princess of Bohemia: health of', 'heart, movements of, and passions', 'mind: diversion to other thoughts', 'joy, and contentment', 'passion, expression(s)', 'joy', 'passion, physiology of', 'maxims', 'theater, and passions', 'understanding, versus imagination and sensation', 'virtue(s)', 'lungs', 'Descartes, René: on his health', 'health, bodily, as foundation of other goods', 'thought /thinking, turning of', 'expression of passions', 'imagination, versus sensation and understanding', 'contentment (of mind), and health', 'passion, regulation of', 'mindpassion, and health', 'sighs as signs of passions', ""health, bodily, Elisabeth's"", 'blood: circulation of', 'remedies', 'enemies', 'tragedies, and happiness/sadness', 'spleen, function of', 'health, bodily, and remedies for illness', 'senses, and health', 'sadness', 'contentment (of mind),  dependent on the individual', 'reason/reasoning', 'contentment (of mind), dependent on the individual', 'imagination, and the passions', 'reason/reasoning, and the passions', 'spa, waters of', 'understanding, and considerations of unpleasant things', 'prudence', 'friendship']","['Digby, Kenelm', 'Jonson, Samson', 'Pollot, Alfonse (Palotti)']",[],c3f417b1-c916-421c-8280-73d268eb668d
66,correspondence,"Descartes, René",['06/22/1645'],"June 22, 1645",Princess Elisabeth,"Descartes, René",['The Hague'],Y,"['Shapiro 93-4', 'Foucher 65-6', 'Bennett 16-7']","['imagination, and health', 'health, bodily, and power of reasoning', 'passion, and reason', 'sex, female, curse of', 'senses, versus imagination and understanding', 'Elisabeth, Princess of Bohemia: health of', 'reason/reasoning, strength of', 'senses', 'mind: diversion to other thoughts', 'Groningen, University of', 'understanding, versus imagination and sensation', 'body, human: disorders of', 'body, human: strength/weakness tied to that of mind', 'imagination, versus sensation and understanding', 'passion, regulation of', ""health, bodily, Elisabeth's"", 'remedies', 'imagination', 'passion, and health', 'mind: quality of', 'health, bodily, and remedies for illness', 'senses, and health', 'spa, waters of', 'friendship']",[],[],4479bb89-8008-433d-95a2-f10273424b22
67,correspondence,"Descartes, René",['06/??/1645'],June 1645,"Descartes, René",Princess Elisabeth,['Egmond du Hoef'],Y,"['Shapiro 94-5', 'Bennett 17']","['attention, diversion of', 'good(s)', 'Good sense', 'imagination, diversion of', 'Elisabeth, Princess of Bohemia: health of', 'blood: emotions in', 'reason/reasoning, strength of', 'mind: diversion to other thoughts', 'Groningen, University of', 'mind: role in disorders of body', 'thought /thinking, turning of', 'body, human: strength/weakness tied to that of mind', 'passion, regulation of', 'passion, and the best minds', ""health, bodily, Elisabeth's"", 'remedies', 'imagination, of goods/evils', 'Utrecht, University of', 'passion, and health', 'mind: quality of', 'health, bodily, and remedies for illness', 'reason/reasoning', 'mind: tranquility of', 'spa, waters of', 'evils']",[],[],d2fb98d7-a41e-40f1-b3c1-9e726c5c2088
68,correspondence,"Descartes, René",['07/21/1645'],"July 21, 1645","Descartes, René",Princess Elisabeth,['Egmond du Hoef'],Y,"['Shapiro 95-6', 'Bennett 17-8']","['sadness', 'attention, diversion of', 'felicity, dependent on oneself', 'mind: diversion to other thoughts', 'sovereign good, relation to happiness/ contentment', 'joy', 'Fortune', 'Elisabeth, Princess of Bohemia: health of', 'spa, waters of', 'felicity, and fortune', ""health, bodily, Elisabeth's"", 'philosophy and philosophers, practical benefits of']","['Seneca, Lucius Annaeus']","['Seneca, Lucius Annaeus, De vita beata']",b3846942-07ba-4fa1-850f-2f6c06620766
69,correspondence,"Descartes, René",['08/04/1645'],"August 4, 1645","Descartes, René",Princess Elisabeth,['Egmond du Hoef'],Y,"['Shapiro 97-9', 'Bennett 18-20', 'Foucher 67 (summary)']","['virtue(s), definition of', 'mind: and contentment / true happiness', 'health, bodily, not in our power', 'passion, and reason', 'virtue(s), contentment of mind and', 'good(s)', 'desire(s), and contentment/happiness', 'repentance', 'desire(s), regulation of', 'Fortune', 'will: and virtue', 'reason/reasoning, and true contentment', 'resolution', 'contentment (of mind), and fortune', 'reason/reasoning, right use of', 'maxims, rules of conduct of Discourse on Method', 'Descartes, René: ethical/moral code', 'philosophy and philosophers, pagan', 'contentment (of mind), and virtue', 'contentment (of mind)', 'reason/reasoning, advice of', 'passion', 'virtue(s), sovereign good and', 'regret', 'virtue(s)', 'contentment (of mind), as true happiness', 'reason/reasoning, and virtue', 'conscience', 'Happiness, true (beatitude), and de- sire', 'contentment (of mind), and desires', 'passion, regulation of', 'conscience, and contentment', 'analogy/analogies: fullness of vessels to contentment of minds', 'good(s), which depend on us versus those which do not', 'moral philosophy, Of the Discourse on Method', 'Happiness, true (beatitude), and virtue', 'imagination, of goods/evils', 'knowledge, of good and evil', 'virtue(s), resolution and', 'reason/reasoning, natural', 'good(s), knowledge of', 'satisfaction (of mind)', 'sadness', 'Happiness, true (beatitude), and regulation of the passions', 'judgment: of the best course of action', 'felicity, dependent on oneself', 'pleasures, and virtue', 'reason/reasoning', 'contentment (of mind), dependent on the individual', 'reason/reasoning, and the passions', 'virtue(s), false', 'truths, required for the practice of\nvirtue', 'intellect, and virtue', 'Happiness, true (beatitude)', 'mind: good use of']",[],"['Discourse on the Method for Rightly Conducting Reason', 'Seneca, Lucius Annaeus, De vita beata']",6c6abcbf-71e1-45ae-ba1c-ec936b052ec6
70,correspondence,"Descartes, René",['08/16/1645'],"August 16, 1645",Princess Elisabeth,"Descartes, René",['The Hague'],Y,"['Shapiro 99-101', 'Bennett 20-1', 'Foucher 67-9']","['reason/reasoning, dependence on bodily health', 'satisfaction (of mind)', 'truths, required for the practice of virtue', 'Happiness, true (beatitude), and the will', 'passion', 'health, bodily, and power of reasoning', 'philosophy and philosophers', 'passion, and health', 'regret', 'Good sense', 'Epicurus: and pain', 'maxims', 'reason/reasoning, and true contentment', 'Happiness, true (beatitude), and virtue', 'individual(s): interest of the', 'virtue(s)', 'body, human: disorders of', 'will: and true happiness']",[],"['Seneca, Lucius Annaeus, De vita beata']",a2265275-f308-4fc2-bd5c-1bbf4b0cc9d1
71,correspondence,"Descartes, René",['08/18/1645'],"August 18, 1645","Descartes, René",Princess Elisabeth,['Egmond du Hoef'],Y,"['Shapiro 101-5', 'Foucher 70', 'Bennett 21-3']","['virtue(s), definition of', 'contentment (of mind),  and the final end of actions', 'health, bodily, and power of reasoning', 'mind: and contentment / true happiness', 'virtue(s), contentment of mind and', 'senses, pleasures of', 'desire(s), and contentment/happiness', 'pleasures, and natural inclination', 'repentance', 'sovereign good, and end of action', 'mind: detached from body', 'desire(s), regulation of', 'reason/reasoning, and true contentment', 'will: and virtue', 'perfections, and the sovereign good', 'contentment (of mind), and the sovereign good', 'mind: good use of', 'Epicurus: on the supreme good', 'contentment (of mind), and virtue', 'contentment (of mind)', 'philosophy and philosophers, pagan', 'virtue(s), sovereign good and', 'contentment (of mind), versus bodily contentment', 'duty, knowledge of', 'pleasures, Epicurus on', 'analogy/analogies: archery contest to sovereign good', 'contentment (of mind), as true happiness', 'Happiness, true (beatitude), and pleasure', 'Happiness, true (beatitude), and the order of the world', 'mind: perfections of', 'reason/reasoning, and virtue', 'conscience', 'philosophy and philosophers', 'judgment: disposition to judge well', 'contentment (of mind), and good judgment', 'sovereign good, relation to happiness/ contentment', 'body, human: perfection(s) of', 'pleasures, and true happiness/contentment', 'conscience, and contentment', 'Aristotle, on the sovereign good', 'Happiness, true (beatitude), versus the sovereign good and the end of action', 'good(s), which depend on us versus those which do not', 'Happiness, true (beatitude), and virtue', 'God: order established by', 'satisfaction (of mind)', 'God: submission to will of', 'body, human: contentment dependent on', 'judgment: of the best course of action', 'reason/reasoning', 'action(s), human: final end of', 'will: and order of nature', 'custom', 'free will, and virtue', 'Zeno of Citium, on the supreme good', 'sovereign good, Seneca’s view on', 'Happiness, true (beatitude)', 'good(s), freedom/free will']",[],"['Nature of Things', 'Seneca, Lucius Annaeus, De vita beata']",9d0a5bda-d6e3-4557-b2c8-7f17df35a0d7
72,correspondence,"Descartes, René",['08/??/1645'],August 1645,Princess Elisabeth,"Descartes, René",['The Hague'],Y,"['Shapiro 105-6', 'Bennett 23-4', 'Foucher 70-2']","['mind: and contentment / true happiness', 'health, bodily, and power of reasoning', 'will: and virtue', 'Epicurus: on the supreme good', 'contentment (of mind), and virtue', 'joy, and contentment', 'understanding, and virtue', 'pleasures, Epicurus on', 'Happiness, true (beatitude), and pleasure', 'judgment: disposition to judge well', 'pleasures, and true happiness/contentment', 'imagination', 'Epicurus: on pleasure', 'virtue(s), resolution and', 'satisfaction (of mind)', 'judgment: of the best course of action', 'pleasures, and virtue', 'reason/reasoning', 'Happiness, true (beatitude), and reason', 'sovereign good, Seneca’s view on']",[],"['Seneca, Lucius Annaeus, De vita beata']",b2e4f732-6660-4c59-ad80-979765678af0
73,correspondence,"Descartes, René",['09/01/1645'],"September 1, 1645","Descartes, René",Princess Elisabeth,['Egmond du Hoef'],Y,"['Shapiro 106-9', 'Bennett 24-6', 'Foucher 73 (summary)']","['pleasures, of the body', 'mind: and contentment / true happiness', 'virtue(s), contentment of mind and', 'will: and virtue', 'souls: state after death', 'body, human: pleasures of', 'perfections, and contentment', 'union of mind and body', 'regret', 'vengeance, desire for', 'freedom, of reason', 'freedom, of the mind/soul', 'satisfaction (of mind)', 'reason/reasoning', 'imagination, of pleasures', 'reason/reasoning, dependence on bodily health', 'good(s), just value of', 'souls: contentment of', 'passion, and reason', 'quality of life: and ability to philosophize', 'reason/reasoning, and true contentment', 'freedom, of the will', 'contentment (of mind), and virtue', 'immortality of the soul', 'Happiness, true (beatitude), and the will', 'souls: immortality of', 'contentment (of mind), and perfection', 'individual(s): interest of the', 'free will, and happiness/contentment', 'sleep and the mind', 'will: and responsibility', 'philosophy and philosophers', 'passion, regulation of', 'fear', 'perfections, due to action of mind', 'senses, and health', 'perfections, and virtue', 'free will, and responsibility', 'sadness', 'thought /thinking, and responsibility', 'freedom, passions', 'passion, and contentment', 'reason/reasoning, and the passions', 'contentment (of mind), causes of', 'value, measure of', 'reason/reasoning, rule of', 'reason/reasoning, advice of', 'will: and bodily health', 'perfections, and measure of pleasure', 'good(s), of the body versus of the soul', 'body, human: disorders of', 'souls: pleasures of', 'anger', 'reason/reasoning, true use of', 'judgment: disposition to judge well', 'pleasures, and virtue', 'pleasures, of the mind/soul', 'body, human: conservation of', 'passion, and representation of good(s)', 'evils', 'Happiness, true (beatitude)', 'health, bodily, and power of reasoning', 'desire(s), and contentment/happiness', 'pleasures, in proportion to perfection', 'repentance', 'Fortune', 'mind: pleasures of', 'passion', 'virtue(s)', 'body, human: joined to the soul/mind', 'pleasures, of the mind united with the body', 'body, human: perfection(s) of', 'mind: united with body', 'Happiness, true (beatitude), and virtue', 'will: and true happiness', 'desire(s), for vengeance', 'good(s), representation of', 'mind: dependence on the body', 'imagination, and knowledge of bodies', 'body, human: union with soul/mind']",[],"['Seneca, Lucius Annaeus, De vita beata']",c7c14fe5-bbd2-4e82-a32f-8e07d6eb3a62
74,correspondence,"Descartes, René",['09/13/1645'],"September 13, 1645",Princess Elisabeth,"Descartes, René",['The Hague'],Y,"['Shapiro 109-11', 'Bennett 26-8', 'Foucher 73-5']","['good(s), just value of', 'mind: and contentment / true happiness', 'passion, and reason', 'pleasures, in proportion to perfection', 'repentance', 'scepticism, moral', 'Fortune', 'mind: change of', 'good(s), of individual', 'value, measure of', 'mind: more noble than body', 'perfections, and contentment', 'knowledge, practical versus theoretical', 'moral philosophy, moral skepticism', 'passion', 'contentment (of mind), and knowledge of goods', 'contentment (of mind), and perfection', 'perfections, and measure of pleasure', 'habit(s)/Habituation', 'passion, definition of', 'mind: perfections of', 'conscience', 'philosophy and philosophers', 'mind: imprinting on', 'body, human: perfection(s) of', 'pleasures, and true happiness/contentment', 'vanity', 'knowledge, of good and evil', 'mind: quality of', 'good(s), knowledge of', 'judgment: and passions', 'reason/reasoning', 'reason/reasoning, and the passions', 'infinite science', 'passion, and representation of good(s)', 'prudence', 'passion, and actions', 'Happiness, true (beatitude)']",[],"['Seneca, Lucius Annaeus, De vita beata']",48ea25f1-1c61-4eb6-b75e-f540cd9cde15
75,correspondence,"Descartes, René",['09/15/1645'],"September 15, 1645","Descartes, René",Princess Elisabeth,['Egmond du Hoef'],Y,"['Shapiro 111-4', 'Bennett 28-30', 'Foucher 76 (summary)']","['pleasures, of the body', 'good(s), just value of', 'souls: loss of', 'good(s), common/general/public/of whole', 'mind: subsists without the body', 'scholastic philosophy/philosophers', 'good(s), of individual', 'value, measure of', 'virtue(s), as habits', 'body, human: pleasures of', 'body, human: distinct from the soul/mind', 'perfections', 'senses', 'contentment (of mind)', 'immortality of the soul', 'passion', 'regret', 'God: infallibility of', 'souls: immortality of', 'understanding, and virtue', 'individual(s): as part of a whole', 'joy', 'duty, knowledge of', 'habit(s)/Habituation', 'virtue(s)', 'heroism', 'irresolution', 'extension: of the universe', 'love, of God', 'judgment: disposition to judge well', 'good(s), on balance with evils', 'action(s), human: heroic', 'public good', 'God: love of', 'perfections, of God', 'imagination', 'habit(s)/Habituation, and good judgment', 'good(s), knowledge of', 'God: goodness of', 'satisfaction (of mind)', 'will /decrees of', 'God: works of', 'good(s), representation of', 'God: knowledge of', 'passion, and contentment', 'God: and prayer', 'pleasures, of the mind/soul', 'universe, vast extent of', 'custom', 'evils', 'God: power of', 'passion, and representation of good(s)', 'sovereign good, Seneca’s view on', 'God: infinitude of', 'pleasures', 'friendship']",[],"['Principles of Philosophy', 'Seneca, Lucius Annaeus, De vita beata']",67ba8681-2824-44cb-a557-648e1dce2067
76,correspondence,"Descartes, René",['09/30/1645'],"September 30, 1645",Princess Elisabeth,"Descartes, René",['Riswyck'],Y,"['Shapiro 114-5', 'Bennett 30-1', 'Foucher 76-8']","['good(s), just value of', 'good(s), common/general/public/of whole', 'health, bodily, not in our power', 'God: and free actions/will', 'quality of life: and ability to philosophize', 'good(s), of individual', 'value, measure of', 'freedom, of the will', 'will: of men', 'God: providence of', 'immortality of the soul', 'passion', 'theology/theologians', 'souls: immortality of', 'free will, of other men', 'understanding, and virtue', 'individual(s): as part of a whole', 'death, attitude towards', 'extension: of the universe', 'good(s), on balance with evils', 'enemies', 'imagination, of goods/evils', 'God: omniscience of', 'God: order established by', 'passion, and health', 'good(s), knowledge of', 'God: existence of', 'judgment: and passions', 'Providence', 'free will', 'God: perfection of', 'good(s), representation of', 'God: knowledge of', 'universe, vast extent of', 'custom', 'evils', 'God: power of', 'passion, and representation of good(s)', 'faith, Catholic', 'sovereign good, Seneca’s view on']",[],"['Seneca, Lucius Annaeus, De vita beata']",2cee2364-f5b8-4d7a-91d5-be6c2847a126
77,correspondence,"Descartes, René",['10/06/1645'],"October 6, 1645","Descartes, René",Princess Elisabeth,['Egmond du Hoef'],Y,"['Shapiro 115-22', 'Bennett 31-5', 'Foucher 79 (summary)']","['pleasures, of the body', 'passion, explanation of', 'good(s), common/general/public/of whole', 'mind: and contentment / true happiness', 'charity', 'scholastic philosophy/philosophers', 'will: and virtue', 'body, human: pleasures of', 'memory', 'contentment (of mind)', 'theology/theologians', 'body, human: dispositions of', 'joy', 'theater, and passions', 'thought /thinking, causes of', 'will: determination to some thought', 'blood: circulation of', 'blood: movements accompanying passions', 'imagination', 'enemies', 'tragedies, and happiness/sadness', 'God: omniscience of', 'laughter', 'satisfaction (of mind)', 'body, human: contentment dependent on', 'reason/reasoning', 'sensations, external versus internal', 'desire(s)', 'God: and prayer', 'compassion', 'free will, and virtue', 'prayer, and God', 'God: infinitude of', 'friendship', 'good(s), just value of', 'attention, diversion of', 'souls: contentment of', 'passion, and reason', 'souls: passions versus actions of', 'reason/reasoning, and true contentment', 'God: and human thoughts', 'contentment (of mind), and the sovereign good', 'animals: nature of', 'freedom, of the will', 'imagination, as action of the soul', 'senses', 'contentment (of mind), and virtue', 'God: providence of', 'immortality of the soul', 'virtue(s), sovereign good and', 'souls: immortality of', 'thirst', 'habit(s)/Habituation', 'free will, and happiness/contentment', 'conscience', 'expression of passions', 'philosophy and philosophers', 'sovereign good, relation to happiness/ contentment', 'fear', 'conscience, and contentment', 'vanity', 'imagination, of goods/evils', 'souls: diversion of', 'tickling', 'judgment: and passions', 'sadness', 'thought /thinking, and responsibility', 'judgment: of the best course of action', 'free will', 'God: works of', 'Ptolemy', 'mind: needs relaxation', 'prudence', 'free will, and God’s decress/power/will', 'pleasures', 'God: and free actions/will', 'contentment (of mind), causes of', 'hunger', 'causation/causes: universal and particular', 'Elisabeth, Princess of Bohemia: health of', 'good(s), of individual', 'value, measure of', 'heart, movements of, and passions', 'resolution', 'perfections, of human body', 'sovereign good, and free will', 'will: of men', 'perfections', 'moral philosophy, moral skepticism', 'nerves', 'death, attitude towards', 'passion, definition of', 'souls: pleasures of', 'Arminians', 'souls: great /strong versus vulgar/weak', 'public good', 'passion, interior', 'good(s), knowledge of', 'God: existence of', 'sovereign good, and virtue', 'pleasures, of the mind/soul', 'infinite science', 'passion, and representation of good(s)', 'evils', 'passion, and actions', 'Happiness, true (beatitude)', 'brain, impressions in', 'repentance', 'passion, versus habits that dispose us to passions', 'pain', 'brain, and animal spirits', 'passion', 'passion, expression(s)', 'passion, physiology of', 'thought/thinking, and God’s will', 'virtue(s)', 'sadness, physiology of', 'God: as first /universal / immutable cause', 'extension: of the universe', 'knowledge', 'virtue(s), free will and', 'joy, and the sovereign good', 'animals: impressions in brain', 'contentment (of mind), and health', 'body, human: perfection(s) of', 'pleasures, and true happiness/contentment', ""health, bodily, Elisabeth's"", 'Happiness, true (beatitude), and virtue', 'will: and true happiness', 'God: order established by', 'Hegesias', 'Providence', 'God: perfection of', 'good(s), representation of', 'joy, physiology of', 'souls: interaction with the body', 'universe, vast extent of', 'God: power of']",[],[],db0aff8f-34c9-4c92-956c-4470a46ef6da
78,correspondence,"Descartes, René",['10/28/1645'],"October 28, 1645",Princess Elisabeth,"Descartes, René",['The Hague'],Y,"['Shapiro 122-4', 'Bennett 35-7', 'Foucher 79-83']","['good(s), common/general/public/of whole', 'passion, and reason', 'God: and free actions/will', 'souls: as a substance', 'repentance', 'quality of life: and ability to philosophize', 'good(s), of individual', 'substance(s), purity of', 'souls: state after death', 'memory', 'mind: scope of', 'perfections', 'God: providence of', 'immortality of the soul', 'theology/theologians', 'souls: immortality of', 'sadness, and health', 'passion, physiology of', 'theater, and passions', 'death, attitude towards', 'desire(s), to correct ourselves', 'God: purposes of', 'felicity', 'passion, excessive', 'God: as first /universal / immutable cause', 'humility', 'passion, and purgatory', 'thought /thinking, capacity for', 'health, bodily, and passions', 'public good', 'deception', 'tragedies, and happiness/sadness', 'God: existence of', 'Providence', 'reason/reasoning', 'love', 'reason/reasoning, and the passions', 'causation/causes: final', 'prudence', 'free will, and God’s decress/power/will', 'souls: immateriality of']","['Digby, Kenelm']",[],433becb4-1faf-489c-ae6d-737e9e5ef5eb
79,correspondence,"Descartes, René",['11/03/1645'],"November 3, 1645","Descartes, René",Princess Elisabeth,['Egmond du Hoef'],Y,"['Shapiro 124-6', 'Bennett 38-9', 'Foucher 84 (summary)']","['passion, explanation of', 'passion, and reason', 'God: and free actions/will', 'repentance', 'sage, perfect', 'scepticism, moral', 'Fortune', 'souls: state after death', 'freedom, of the will', 'mind: scope of', 'free will, experience of', 'passion', 'theology/theologians', 'free will, of other men', 'joy', 'theater, and passions', 'death, attitude towards', 'virtue(s)', 'passion, excessive', 'passion, and purgatory', 'irresolution', 'will: and responsibility', 'good(s), on balance with evils', 'fear', 'public good', 'tragedies, and happiness/sadness', 'reason/reasoning, natural', 'free will, and praise and blame', 'mind: quality of', 'God: existence of', 'sadness', 'free will', 'reason/reasoning', 'good(s), representation of', 'God: knowledge of', 'reason/reasoning, and the passions', 'universe, vast extent of', 'free will, and God’s decress/power/will', 'evils', 'God: power of', 'prudence', 'God: infinitude of']","['Digby, Kenelm']",[],9d2f701a-1c3e-4632-93c0-3cae3dcebe19
80,correspondence,"Descartes, René",['11/30/1645'],"November 30, 1645",Princess Elisabeth,"Descartes, René",['The Hague'],Y,"['Shapiro 127-8', 'Bennett 39-40']","['souls: loss of', 'good(s), common/general/public/of whole', 'God: and free actions/will', 'contentment (of mind), causes of', 'Elisabeth, Princess of Bohemia: health of', 'will: of men', 'God: providence of', 'contentment (of mind)', 'free will, of other men', 'individual(s): as part of a whole', 'individual(s): interest of the', 'conscience', 'good(s), on balance with evils', 'mind: imprinting on', 'public good', ""health, bodily, Elisabeth's"", 'will: and true happiness', 'satisfaction (of mind)', 'Providence', 'will /decrees of', 'God: and prayer', 'prudence', 'free will, and God’s decress/power/will', 'evils', 'God: power of', 'God: infinitude of', 'Happiness, true (beatitude)']","['Edward, Prince of Bohemia']",[],cbd067dc-7763-4dd9-af7c-4778688bda0a
81,correspondence,"Descartes, René",['12/27/1645'],"December 27, 1645",Princess Elisabeth,"Descartes, René",['The Hague'],Y,"['Shapiro 128-9', 'Bennett 40 (summary)', 'Foucher 84-6']","['mathematics', 'Arminians', 'Elisabeth, Princess of Bohemia: concern with privacy of correspondence', 'faith', 'Leiden, University of, curators of']","['Schooten, Frans van']",[],0c7df71a-46ce-48b3-8f67-0df3a63dba6e
82,correspondence,"Descartes, René",['01/??/1646'],January 1646,"Descartes, René",Princess Elisabeth,['Egmond du Hoef'],Y,"['Shapiro 129-32', 'Bennett 41-3']","['good(s), just value of', 'good(s), common/general/public/of whole', 'pleasures', 'will: and the passions', 'God: and free actions/will', 'analogy/analogies: king and subjects to God and human free will', 'Fortune', 'Elisabeth, Princess of Bohemia: health of', 'pain', 'value, measure of', 'freedom, of the will', 'good(s), actions, rule for', 'Descartes, René: ethical/moral code', 'perfections', 'senses', 'good(s), two sorts of', 'theology/theologians', 'maxims', 'faith', 'will: inclination of', 'death, attitude towards', 'will: and responsibility', 'philosophy and philosophers', 'good(s), on balance with evils', 'public good', 'freedom, and knowledge of good and evil', 'good(s), which depend on us versus those which do not', ""health, bodily, Elisabeth's"", 'free will, and praise and blame', 'understanding', 'sadness', 'will /decrees of', 'free will', 'free will, and the good', 'God: and prayer', 'prudence', 'free will, and God’s decress/power/will', 'evils', 'free will, and virtue', 'God: power of', 'faith, Catholic', 'God: infinitude of', 'passion, and representation of good(s)', 'good(s), freedom/free will', 'friendship']",[],[],542d21f3-e60f-403f-a811-1b3d88cbe939
83,correspondence,"Descartes, René",['04/25/1645'],"April 25, 1646",Princess Elisabeth,"Descartes, René",['The Hague'],Y,"['Shapiro 132-4', 'Bennett 43-44', 'Foucher 90-2']","['joy, and love', 'good(s), just value of', 'passion, explanation of', 'hunger', 'motions/movement: of the blood', 'heart, movements of, and passions', 'value, measure of', 'brain', 'Venice, treaty with', 'Thirty Years’ War', 'maxims, concerning civil life', 'moral philosophy, moral skepticism', 'passion, expression(s)', 'passion, physiology of', 'maxims', 'individual(s): interest of the', 'lungs', 'passion, excessive', 'expression of passions', 'passion, regulation of', 'health, bodily, conservation of', 'sighs as signs of passions', 'remedies', 'blood: movements accompanying passions', 'love, relation of, to other passions', 'knowledge, of good and evil', 'good(s), knowledge of', 'laughter', 'sadness', 'free will', 'wonder', 'love, physiology of', 'reason/reasoning', 'desire(s)', 'civil life, maxims concerning', 'hatred', 'joy, physiology of', 'love', 'passion, primitive', 'infinite science', 'evils', 'friendship']","['Philip, Prince of Bohemia']",['Passions of the Soul'],064100c0-50e5-4d8a-a811-fdedca8fc416
84,correspondence,"Descartes, René",['05/??/1646'],May 1646 (A),"Descartes, René",Princess Elisabeth,['Egmond du Hoef'],Y,"['Shapiro 134-7', 'Bennett 44-6']","['joy, and love', 'human: link with the soul', 'attention, diversion of', 'motions/movement: of the body', 'imagination, diversion of', 'Fortune', 'heart, movements of, and passions', 'motions/movement: of the blood', 'brain, and animal spirits', 'animal spirits', 'freedom, from the of judgment', 'body, human: formation of', 'moral philosophy, moral skepticism', 'passion', 'analogy/analogies: machine to human body', 'passion, expression(s)', 'nerves', 'passion, physiology of', 'body, human: compared with a machine', 'freedom', 'sadness, physiology of', 'lungs', 'passion, excessive', 'body, human: disorders of', 'expression of passions', 'concerning civil life', 'joy, and wonder', 'philosophy and philosophers', 'passion, regulation of', 'souls: capacities of affected by bodily state', 'spirits, animal', 'shame', 'sighs as signs of passions', 'souls: link with body', 'remedies', 'blood: movements accompanying passions', 'imagination, of goods/evils', 'heart, movements of', 'love, relation of, to other passions', 'spleen, function of', 'surprise', 'laughter', 'sadness', 'mind: surprise of', 'reason/reasoning', 'wonder', 'love, physiology of', 'desire(s)', 'civil life, maxims concerning', 'glory', 'thought /thinking, due to link between body and soul', 'joy, physiology of', 'love', 'human: joined to the soul/mind', 'souls: interaction with the body', 'infinite science', 'judgment: and passion', 'imagination, and knowledge of bodies']",[],['Passions of the Soul'],f851dc87-aa5d-43bb-9adc-75c87589b768
85,correspondence,"Descartes, René",['05/??/1646'],May 1646 (B),"Descartes, René",Princess Elisabeth,['Egmond du Hoef'],Y,"['Shapiro 137-8', 'Bennett 46']","['emotions, of the soul', 'God: providence of', 'Providence', 'passion', 'judgment: of the best course of action', 'langour', 'fear', 'resolution', 'virtue(s)', 'irresolution']",[],['Passions of the Soul'],57272d65-d858-4f3b-b567-e73bef1a0957
86,correspondence,"Descartes, René",['07/??/1646'],July 1646,Princess Elisabeth,"Descartes, René",['The Hague'],Y,"['Shapiro 138-9', 'Bennett 46-7']","['Descartes, René: travel to/from France', 'Descartes, René: travel to The Hague', 'Bohemia, House of', 'Elisabeth, Princess of Bohemia: concern with privacy of correspondence', 'Elisabeth, Princess of Bohemia: travel to/from Berlin', 'Descartes, René: on his solitude']","['Charles Louis (Karl Ludwig, prince of Bohemia)', 'Elizabeth, Queen of Bohemia', 'Philip, Prince of Bohemia']",['Passions of the Soul'],129e4f48-015e-4d93-9054-eaf0f752388b
87,correspondence,"Descartes, René",['09/??/1646'],September 1646,"Descartes, René",Princess Elisabeth,['Egmond du Hoef'],N,"['Shapiro 139-144', 'Bennett 47-50']","['Fortune', 'superstition', 'analogy/analogies: foundation of house to foundation of state', 'felicity, and fortune', 'fear, and princes', 'maxims, concerning the actions of princes', 'resolution, of princes', 'God: giving of right to prince', 'fear, and\nprinces', 'princes: keeping of promises', 'conscience', 'princes: reputation of', 'justice', 'deception', 'enemies', 'war', 'injustice', 'hatred, for princes', 'war, right to wage', 'princes: just rulers versus usurpers', 'subjects: Versus friends, allies and enemies', 'subjects: two sorts', 'felicity, dependent on oneself', 'reason/reasoning', 'hatred, and envy', 'hatred', 'evils', 'allies', 'reputation of princes', 'friendship']","['Machiavelli, Niccolo']","['Machiavelli, Niccolo, The Prince']",d9e125ea-ddfe-4c31-857d-322868dfc0c3
88,correspondence,"Descartes, René",['10/10/1646'],"October 10, 1646",Princess Elisabeth,"Descartes, René",['Berlin'],Y,"['Shapiro 144-7', 'Bennett 50-2']","['virtue(s), definition of', 'princes: and law of doing unto others as one would like done to oneself', 'violence, state', 'Fortune', 'superstition', 'nature, phenomena of', 'maxims, concerning the actions of princes', 'reason/reasoning, right use of', 'code for correspondence', 'contentment (of mind)', 'executioners', 'virtue(s)', 'reason/reasoning, and virtue', 'princes: keeping of promises', 'conscience', 'philosophy and philosophers', 'justice', 'remedies', 'war', 'injustice', 'princes: just rulers versus usurpers', 'health, bodily, and remedies for illness', 'Hornhausen, spring at', 'Elisabeth, Princess of Bohemia: concern with privacy of correspondence', 'love', 'evils', 'allies', 'friendship']","['Alexander (pope)', 'Brandenburg, Elector of (Frederick William)', 'Machiavelli, Niccolo']","['Machiavelli, Niccolo, The Prince']",a4a78350-5f89-4029-8338-99921df271c4
89,correspondence,"Descartes, René",['11/??/1646'],November 1646,"Descartes, René",Princess Elisabeth,[],Y,"['Shapiro 147-50', 'Bennett 52-3']","['mind: and contentment / true happiness', 'charity', 'Fortune', 'reason/reasoning, and true contentment', 'superstition', 'fear, and princes', 'maxims, concerning the actions of princes', 'Mercury', 'health, bodily', 'senses', 'antinomy', 'contentment (of mind)', 'passion', 'mind: diversion to other thoughts', 'joy, and contentment', 'joy', 'sadness, and health', 'passion, regulation of', 'health, bodily, and passions', 'passion, interior', 'Princess of Bohemia: travel to/from Berlin', 'remedies', 'enemies', 'spleen, function of', 'passion, and health', 'health, bodily, and remedies for illness', 'mind: quality of', 'satisfaction (of mind)', 'sadness', 'joy, interior', 'body, human: contentment dependent on', 'Hornhausen, spring at', 'reason/reasoning, and the passions', 'mind: and passions', 'spa, waters of', 'prudence', 'Socrates, “daimon” of', 'friendship']","['Borgia, Cesar', 'Machiavelli, Niccolo', 'Socrates']","['Machiavelli, Niccolo, Discourses on the First Decoade of Titus Livius', 'Machiavelli, Niccolo, The Prince']",eba92eab-4f22-413c-a488-445decb78c70
90,correspondence,"Descartes, René",['11/29/1646'],"November 29, 1646",Princess Elisabeth,"Descartes, René",['Berlin'],Y,"['Shapiro 150-2', 'Bennett 53-4']","['mind: and contentment / true happiness', 'good(s)', 'Fortune', 'Elisabeth, Princess of Bohemia: health of', 'superstition', 'felicity, and fortune', 'nature, phenomena of', 'contentment (of mind)', 'quality/qualities: occult', 'medicine: remedies for illness', 'individual(s): interest of the', 'philosophy and philosophers', ""health, bodily, Elisabeth's"", 'imagination', 'occult quality', 'sadness', 'joy, interior', 'Bohemia, House of', 'reason/reasoning', 'prudence', 'chemists', 'Socrates, “daimon” of']","['Brunswick-Lunenburg, Duke of', 'Machiavelli, Niccolo']",[],1d0d0303-9e13-4213-aad6-a5b28a891dd2
91,correspondence,"Descartes, René",['12/??/1646'],December 1646,"Descartes, René",Princess Elisabeth,['Egmond du Hoef'],Y,"['Shapiro 152-4', 'Bennett 54-5']","['Descartes, René: on the Jesuits', 'Descartes, René: on his critics', 'joy', 'scholastic philosophy/philosophers', 'bleeding as remedy', 'Elisabeth, Princess of Bohemia: health of', ""health, bodily, Elisabeth's"", 'blood: circulation of', 'chemists', 'medicine: remedies for illness', 'virtue(s)', 'remedies', 'Descartes, René: on the scholastics', 'philosophy and philosophers, and the Jesuits', 'health, bodily, and remedies for illness']","['Brunswick-Lunenburg, Duke of']",[],5ceba26b-6022-4f33-8a29-a69775a5ca4d
92,correspondence,"Descartes, René",['02/21/1647'],"February 21, 1647",Princess Elisabeth,"Descartes, René",['Berlin'],Y,"['Shapiro 155-6', 'Bennett 56']","['satisfaction (of mind)', 'contentment (of mind)', 'Sweden, queen mother of', 'mind: and contentment / true happiness', 'joy', 'medicine: mechanist physiology and', 'Elisabeth, Princess of Bohemia: travel to/from Berlin', 'bleeding as remedy', 'Elisabeth, Princess of Bohemia: health of', ""health, bodily, Elisabeth's"", 'blood: circulation of', 'health, bodily, and remedies for illness', 'virtue(s)', 'remedies', 'philosophy and philosophers, Aristotelian', 'will: of men', 'friendship']","['Bacon, Francis', 'Henrietta, Princess of Bohemia']",['Principles of Philosophy'],85db4119-d782-429c-a83c-0a5bae78e680
93,correspondence,"Descartes, René",['03/??/1647'],March 1647,"Descartes, René",Princess Elisabeth,['The Hague'],Y,"['Shapiro 156-8', 'Bennett 56-7']","['Descartes, René: travel to/from France', 'animals: description of', 'spirits, animal', 'metaphysics, Regius and', 'Elisabeth, Princess of Bohemia: health of', 'medicine: Regius on', 'brain, and animal spirits', ""health, bodily, Elisabeth's"", 'remedies', 'animal spirits', 'health, bodily, and remedies for illness', 'friendship']","['Hogelande, Cornelis van', 'Sophie, Princess of Bohemia, Electress of Hanover']","['Meditations on First Philosophy, French translation of']",039659a6-387a-4275-b356-ab651184e226
94,correspondence,"Descartes, René",['04/11/1647'],"April 11, 1647",Princess Elisabeth,"Descartes, René",['Berlin'],Y,"['Shapiro 158-9', 'Bennett 58']","['Descartes, René: travel to/from France', 'bleeding as remedy', 'Elisabeth, Princess of Bohemia: health of', 'health, bodily, and remedies for illness', 'remedies', 'mind: quality of']","['Brandenburg, Electress of', 'Hogelande, Cornelis van', 'Jonson, Samson', 'Sophie, Princess of Bohemia, Electress of Hanover']",[],2bc7be35-cf7a-4e78-9be8-277afa624fcb
95,correspondence,"Descartes, René",['05/10/1647'],"May 10, 1647","Descartes, René",Princess Elisabeth,['Egmond du Hoef'],Y,"['Shapiro 159-62', 'Bennett 58-60']","['Descartes, René: travel to/from France', 'Descartes, René: on his critics', 'blasphemy', 'Descartes, René: on living in the Netherlands', 'Leiden, University of', 'theology/theologians, as antagonists of Descartes', 'Utrecht, University of', 'Descartes, René: on his health', 'Descartes, René: on the scholastics', 'health, bodily', 'God: existence of']","['Triglandius, Jacobus', 'Hogelande, Cornelis van', 'Revius, Jacobus']","['Meditations on First Philosophy', 'Principles of Philosophy']",fc544d5d-5071-4a36-b7af-7744cd058985
96,correspondence,"Descartes, René",['05/??/1647'],May 1647,Princess Elisabeth,"Descartes, René",['Crossen'],Y,"['Shapiro 162-3', 'Bennett 60-1']","['matter: subtle', 'freedom, of speech', 'Principles of Philosophy, observations explained in', 'Descartes, René: on living in the Netherlands', 'souls: union with the body', 'speech, freedom of', 'theology/theologians, as antagonists of Descartes', 'good(s), of the body versus of the soul', ""health, bodily, Elisabeth's"", 'Thirty Years’ War', 'nature, phenomena of', 'souls: immateriality of', 'subtle matter', 'body, human: union with soul/mind', 'Westphalia, Peace of (Treaties of Munster)', 'union of mind and body', 'God: existence of']","['Triglandius, Jacobus', 'Hogelande, Cornelis van', 'Philip, Prince of Bohemia', 'Stuard (Stuart', 'professor)']","['Meditations on First Philosophy', 'Meditations on First Philosophy, French translation of', 'Principles of Philosophy, French version of']",2864282d-d9fb-4f11-bf65-18c496056a9a
97,correspondence,"Descartes, René",['06/06/1647'],"June 6, 1647","Descartes, René",Princess Elisabeth,['The Hague'],Y,"['Shapiro 164-5', 'Bennett 61']","['Descartes, René: travel to/from France', 'contentment (of mind)', 'theology/theologians, as antagonists of Descartes']","['Chanut, Hector-Pierre', 'Christina (queen of Sweden)']","['Principles of Philosophy, French version of']",c7b78183-29d4-4555-ba8c-66a9537d8391
98,correspondence,"Descartes, René",['11/20/1647'],"November 20, 1647","Descartes, René",Princess Elisabeth,['Egmond du Hoef'],Y,"['Shapiro 165-7', 'Bennett 62']","['Descartes, René: forwarding of correspondence with Elisabeth to Queen Christina', 'sovereign good']","['Chanut, Hector-Pierre', 'Christina (queen of Sweden)']",['Passions of the Soul'],815a2be3-3259-4bbb-bf7c-6f99b90ade81
99,correspondence,"Descartes, René",['12/05/1647'],"December 5, 1647",Princess Elisabeth,"Descartes, René",['Berlin'],Y,"['Foucher 59-60', 'Shapiro 167-8', 'Bennett 62-3']",['friendship'],"['Gassendi, Pierre', 'Hobbes, Thomas']","['Treatise on Erudition', 'Meditations on First Philosophy, Fifth Set of Objections (Gassendi)', 'Meditations on First Philosophy, French translation of', 'Meditations on First Philosophy, Third Set of Objections (Hobbes)']",f6f7942d-2b0d-4da8-a439-9fea06372cdb
100,correspondence,"Descartes, René",['12/23/1647'],"December 23, 1647",Princess Elisabeth,"Descartes, René",[],N,['Shapiro footnote 181'],['letter is lost--Karen add here'],[],[],fb21ee77-b2bd-4cb2-b905-03a4adf9d9d5
101,correspondence,"Descartes, René",['01/31/1648'],"January 31, 1648","Descartes, René",Princess Elisabeth,['Egmond du Hoef'],Y,"['Shapiro 168-9', 'Bennett 63-4']","['Descartes, René: travel to/from France', 'body, human: formation of', 'sovereign good', 'animals: description of', 'scholastic philosophy/philosophers', 'virtue(s)', 'body, human: disorders of']",['Christina (queen of Sweden)'],"['Comments on a Certain Broadsheet', 'Description of the Human Body and Formation of the Fetus', 'Treatise on Erudition', 'Principles of Philosophy', 'Principles of Philosophy, French version of']",87d935a9-7f6d-4ed6-bdfd-77ecce800900
102,correspondence,"Descartes, René",['05/07/1648'],"May 7, 1648","Descartes, René",Princess Elisabeth,[],N,['Shapiro 170'],['letter is lost--Karen add here'],[],[],8102abc9-9030-43b0-9088-39a8b4e59fe1
103,correspondence,"Descartes, René",['06/30/1648'],"June 30, 1648",Princess Elisabeth,"Descartes, René",['Crossen'],Y,"['Shapiro 170-1', 'Bennett 64']","['bleeding as remedy', 'English Civil War', 'Westphalia, Peace of (Treaties of Munster)', 'Elisabeth, Princess of Bohemia: possible travel to Sweden']","['Sweden, queen mother of']","['Principles of Philosophy, French version of']",29b5c648-f3ce-4392-9e95-37e15c2fa6b9
104,correspondence,"Descartes, René","['06/??/1648, 07/??/1648']","June or July, 1648","Descartes, René",Princess Elisabeth,['Paris'],Y,"['Shapiro 171-2', 'Bennett 64']","['Descartes, René: travel to/from France', 'contentment (of mind)', 'prudence', 'parlement (French)']",[],[],8997d112-e858-4ebd-8f4b-021730535542
105,correspondence,"Descartes, René",['07/??/1648'],July 1648,Princess Elisabeth,"Descartes, René",['Crossen'],Y,"['Shapiro 172-3', 'Bennett 64-5']","['conscience', 'Descartes, René: travel to/from France', 'attention, diversion of', 'Bohemia, House of', 'liberty', 'Fortune', 'freedom', ""health, bodily, Elisabeth's"", 'Elisabeth, Princess of Bohemia: possible travel to Sweden', 'prudence', 'pleasures', 'thought /thinking, turning of']","['Sweden, queen mother of']",[],d9e2c69b-8b78-46ad-8f10-af211b2eab7b
106,correspondence,"Descartes, René",['08/23/1648'],"August 23, 1648",Princess Elisabeth,"Descartes, René",['Crossen'],Y,"['Shapiro 173-4', 'Bennett 64-5']","['good(s), common/general/public/of whole', 'mind: quality of', 'bleeding as remedy', 'English Civil War', 'superstition', 'Christina (queen of Sweden)', ""health, bodily, Elisabeth's"", 'Elisabeth, Princess of Bohemia: possible travel to Sweden', 'health, bodily, and remedies for illness', 'nature, phenomena of', 'remedies', 'Chanut, Hector-Pierre', 'health, bodily']",[],[],e73d70df-c802-4c8f-8bc2-f6a8ecdd9934
107,correspondence,"Descartes, René",['10/??/1648'],October 1648,"Descartes, René",Princess Elisabeth,['Egmond du Hoef'],Y,"['Shapiro 174-5', 'Bennett 66-7']","['Descartes, René: travel to/from France', 'Descartes, René: on living in the Netherlands', 'analogy/analogies: monarchs of Europe to ships in a tempest', 'remedies', 'felicity', 'health, bodily, and remedies for illness']","['Chanut, Hector-Pierre']",[],19e7982b-2999-4109-b511-a227971e5201
108,correspondence,"Descartes, René",['02/22/1649'],"February 22, 1649","Descartes, René",Princess Elisabeth,['Egmond du Hoef'],Y,"['Shapiro 176-8', 'Bennett 66-7']","['conscience', 'indignation', 'sadness', 'spirits, animal', 'glory', 'souls: great /strong versus vulgar/weak', 'war, restitution of state after', 'Fortune', 'Elisabeth, Princess of Bohemia: health of', 'English Civil War', 'pain', 'brain', 'Palatinate', 'prudence', 'imagination', 'animal spirits', 'Westphalia, Peace of (Treaties of Munster)']","['Charles I (king of England), Charles Louis (Karl Ludwig, prince of Bohemia)', 'Christina (queen of Sweden)', 'Socrates']","['Passions of the Soul', 'Principles of Philosophy']",11a439f3-0dff-4324-a2b8-2d8163b45ab2
109,correspondence,"Descartes, René",['03/31/1649'],"March 31, 1649","Descartes, René",Princess Elisabeth,['Egmond du Hoef'],Y,"['Shapiro 178-9', 'Bennett 69']","['sovereign good', 'Descartes, René: visit to Sweden']",['Christina (queen of Sweden)'],[],43925c20-e117-4ed5-b5f4-f9a5a8b8924d
110,correspondence,"Descartes, René",['06/??/1649'],June 1649,"Descartes, René",Princess Elisabeth,['Egmond du Hoef'],Y,"['Shapiro 179-80', 'Bennett 69']","['Descartes, René: visit to Sweden']","['Chanut, Hector-Pierre', 'Christina (queen of Sweden)']",[],24363f71-383b-4c27-85f2-925cce19ebe9
111,correspondence,"Descartes, René",['10/09/1649'],"October 9, 1649","Descartes, René",Princess Elisabeth,['Stockholm'],Y,"['Shapiro 180-1', 'Bennett 70']","['philosophy and philosophers', 'jealousy', 'Descartes, René: on his solitude', 'Descartes, René: visit to Sweden', 'mind: quality of']","['Christina (queen of Sweden)', 'Freinsheim, Johan']",[],0d01c47e-9de5-4605-a9ce-5646b6568178
112,correspondence,"Descartes, René",['12/04/1649'],"December 4, 1649",Princess Elisabeth,"Descartes, René",[],Y,"['Shapiro 181-2', 'Bennett 70']","['Jesuits (Society of Jesus)', 'jealousy', 'quality of life: and ability to philosophize', 'Descartes, René: visit to Sweden', 'sex, female, weakness of', 'sex, female']","['Christina (queen of Sweden)', 'Kleist, Ewald van']",[],67b7a2fb-fa16-441d-881e-e65dcae3cef6
113,correspondence,Duke Friedrich Ludwig of Zweibrucken,['??/??/????'],n.d.,Princess Elisabeth,Duke Friedrich Ludwig of Zweibrucken,[],N,['Godfrey 284-5'],[],[],[],d79637e3-844d-48ea-92c0-d7261d9e5503
114,correspondence,Duke of York,['??/??/1679'],c. 1679,Princess Elisabeth,Duke of York,[],N,['Webb 344'],[],[],[],6d2278f6-44df-49b9-a02c-339ff74c26d1
115,correspondence,"Elizabeth Louise of Zweibrucken, Abbess of Herford","['10/03/1635', '10/13/1635']","Oct. 3/13, 1635",Princess Elisabeth,"Elizabeth Louise of Zweibrucken, Abbess of Herford",['Rhenen'],Y,['Godfrey 65'],[],[],[],d52cb7bd-e8be-4fe8-9cba-b03e94681213
116,correspondence,"Elizabeth Louise of Zweibrucken, Abbess of Herford","['09/??/1652', '10/??/1652', '11/??/1652']",Autumn 1652,Princess Elisabeth,"Elizabeth Louise of Zweibrucken, Abbess of Herford",['Heidelberg'],Y excerpt,['Godfrey 253'],[],[],[],afee4f59-fbc4-4ab7-b94a-c5890f68ae66
117,correspondence,"Elizabeth Louise of Zweibrucken, Abbess of Herford",['02/??/1653'],February 1653,Princess Elisabeth,"Elizabeth Louise of Zweibrucken, Abbess of Herford",['Heidelberg'],N,['Godfrey 262'],[],[],[],1ce8d959-33e3-4b76-84cb-eaa263bc200c
118,correspondence,"Elizabeth Louise of Zweibrucken, Abbess of Herford","['06/??/1653', '07/??/1653', '08/??/1653']",1653 summer,Princess Elisabeth,"Elizabeth Louise of Zweibrucken, Abbess of Herford",['Augsburg'],Y excerpt,['Godfrey 271-2'],[],[],[],2922ab43-89b5-4d52-ad66-bad1b1e5db66
119,correspondence,"Elizabeth Louise of Zweibrucken, Abbess of Herford",['??/??/????'],1654?,Princess Elisabeth,"Elizabeth Louise of Zweibrucken, Abbess of Herford",[],Y excerpt,['Godfrey 273'],[],[],[],99152beb-adad-4ed5-895b-3ad48dbc4a38
120,correspondence,"Elizabeth Louise of Zweibrucken, Abbess of Herford",['??/??/1659'],1659,Princess Elisabeth,"Elizabeth Louise of Zweibrucken, Abbess of Herford",[],Y,['Godfrey 288-90'],[],[],[],caf18511-73e2-490e-9dd4-7507f6b12feb
121,correspondence,"Elizabeth Louise of Zweibrucken, Abbess of Herford",['??/??/1659'],1659,Princess Elisabeth,"Elizabeth Louise of Zweibrucken, Abbess of Herford",[],N,['Godfrey 290'],[],[],[],b68b4a40-0a34-432b-907a-38e317b20266
122,correspondence,"Elizabeth Louise of Zweibrucken, Abbess of Herford",['03/22/1660'],"March 22, 1660","Elizabeth Louise of Zweibrucken, Abbess of Herford",Princess Elisabeth,[],N,['Godfrey 291'],[],[],[],f13b199b-e303-4682-b862-20ed050dc358
123,correspondence,"Elizabeth Louise of Zweibrucken, Abbess of Herford","['04/07/1660', '04/17/1660']","April 7/17, 1660",Princess Elisabeth,"Elizabeth Louise of Zweibrucken, Abbess of Herford",['Krossen'],Y excerpt,['Godfrey 291'],[],[],[],5b3d3448-88d0-4492-93b3-b94ccd07a7ca
124,correspondence,"Elizabeth Louise of Zweibrucken, Abbess of Herford","['04/??/1660', '05/??/1660']",April/May 1660,Princess Elisabeth,"Elizabeth Louise of Zweibrucken, Abbess of Herford",['Krossen'],Y excerpt,['Godfrey 291-292'],[],[],[],3961a57f-900d-4bde-b0b8-5fb0b58824cb
125,correspondence,"Elizabeth Louise of Zweibrucken, Abbess of Herford",['05/??/1660'],May 1660,Princess Elisabeth,"Elizabeth Louise of Zweibrucken, Abbess of Herford",['Krossen'],Y,['Godfrey 284'],[],[],[],1d208e06-c2eb-4e2f-a6a6-757a2f2f0adb
126,correspondence,"Elizabeth Louise of Zweibrucken, Abbess of Herford",['10/??/1660'],October 1660,"Elizabeth Louise of Zweibrucken, Abbess of Herford",Duke of Zweibrucken,['her brother'],N,['Godfrey 293'],[],[],[],0173ac32-4811-4346-a60c-545de1ffb6c1
127,correspondence,"Elizabeth Louise of Zweibrucken, Abbess of Herford",['11/??/1660'],November 1660?,"Elizabeth Louise of Zweibrucken, Abbess of Herford",Princess Elisabeth,[],N,['Godfrey 293'],[],[],[],0349b93d-7f27-4eea-839a-652d886bbf15
128,correspondence,"Elizabeth Louise of Zweibrucken, Abbess of Herford",['11/??/1660'],November 1660,Princess Elisabeth,"Elizabeth Louise of Zweibrucken, Abbess of Herford",[],N,['Godfrey 293'],[],[],[],ba2209f1-8f14-480a-bbbf-9ae3edc0e2bd
129,correspondence,"Elizabeth Louise of Zweibrucken, Abbess of Herford","['11/28/1660', '12/08/1660']","Nov. 28 / Dec. 8, 1660",Princess Elisabeth,"Elizabeth Louise of Zweibrucken, Abbess of Herford",[],Y,['Godfrey 293-5'],[],[],[],f50d7f58-d114-410c-aa83-e8b0750a85e0
130,correspondence,"Fabritius, J. Ludwig",['01/09/1670'],"Jan. 9, 1670",Princess Elisabeth,"Fabritius, J. Ludwig",['Herford'],Y,['Alexandrescu 18.'],[],[],[],d9b0af9b-53b2-46d6-9757-9dea3d7227fa
131,correspondence,"Fox, George",['??/??/????'],n.d.,"Fox, George",Princess Elisabeth,[],Y,['Hodgkin 257-8'],[],[],[],920bcd36-c7cf-498b-88e9-28e660702444
132,correspondence,"Fox, George",['08/300/1677'],"Aug. 30, 1677",Princess Elisabeth,"Fox, George",[],Y,['Hodgkin 258'],[],[],[],ce3f99e1-8875-4b33-adca-7d82c37bb3e4
133,correspondence,"Fox, George",['??/??/????'],n.d.,Princess Elisabeth,"Fox, George",[],Y,"['Godfrey 321', 'Careil', 'Blaze de Bury 373']",[],[],[],0b5a24a7-9f2c-43c0-8120-c3ec0bda5a56
134,correspondence,"Frederick William, Great Elector",['08/21/1670'],"Aug. 21, 1670",Princess Elisabeth,"Frederick William, Great Elector",[],Y,"['Blaze de Bury 331-3', 'Godfrey 309-10']",[],[],[],00fcc104-ab2c-4a0d-9aba-9a90ed564a7f
135,correspondence,"Frederick William, Great Elector",['09/06/1670'],"Sep. 6, 1670","Frederick William, Great Elector",Princess Elisabeth,[],N,['Blaze de Bury 333'],[],[],[],69cae519-1f3e-445f-af28-b3656dd13188
136,correspondence,"Frederick William, Great Elector",['11/06/1670'],"Nov. 6, 1670",Princess Elisabeth,"Frederick William, Great Elector",[],Y,"['Blaze de Bury 337-9', 'Godfrey 310-11.']",[],[],[],9000fcc2-e86f-4586-9a69-0966d6f6e1ca
137,correspondence,"Frederick William, Great Elector",['11/??/1670'],mid-Nov. 1670.,"Frederick William, Great Elector",Princess Elisabeth,[],Y,['Blaze de Bury 339-40.'],[],[],[],e08486e7-6435-40be-9d93-3c38a97b27bd
138,correspondence,"Frederick William, Great Elector",['11/20/1670'],"Nov. 20, 1670.",Princess Elisabeth,"Frederick William, Great Elector",[],Y,"['Blaze de Bury 341-3', 'Godfrey 311-12.']",[],[],[],961585ce-6426-401b-bcc9-45adc8c8384a
139,correspondence,"Frederick William, Great Elector","['11/21/1670', '11/22/1670']","Nov. 21/22, 1670",Princess Elisabeth,"Frederick William, Great Elector",[],Y,['Godfrey 312.'],[],[],[],4ead86c5-65cf-4b8d-ab30-33c65d34d513
140,correspondence,"Frederick William, Great Elector",['12/??/1670'],Dec. 1670,"Frederick William, Great Elector",Princess Elisabeth,[],N,['Blaze de Bury 348.'],[],[],[],b1ffba47-d51a-4ec3-8595-e8936bc97956
141,correspondence,"Frederick William, Great Elector",['12/??/1670'],Dec. 1670,Princess Elisabeth,"Frederick William, Great Elector",[],N,['Blaze de Bury 348.'],[],[],[],34923aaf-ac8b-4dc0-be32-281895235ff2
142,correspondence,"Frederick William, Great Elector",['01/06/1671'],"Jan. 6, 1671.",Princess Elisabeth,"Frederick William, Great Elector",[],N,['Blaze de Bury 348.'],[],[],[],9c4a6352-e417-4e61-b8f0-07c831f26b5a
143,correspondence,"Furley, Benjamin","['07/06/1677', '07/16/1677']",6/16 July 1677,Princess Elisabeth,"Furley, Benjamin",[],Y,"['Shapiro 203-4', 'Godfrey 327']",['friendship'],[],[],f83baca2-7380-41e5-95d0-dde3d344a064
144,correspondence,"Furley, Benjamin","['03/??/1677', '04/??/1677', '05/??/1677']",Spring 1677,"Furley, Benjamin",Princess Elisabeth,[],N,['Godfrey 327'],[],[],[],dd51a4bc-dbc1-4d0b-83d2-b60106796acf
145,correspondence,"Haak, Theodore",['03/??/1665'],"After March 6, 1665, the date of the first issue of Philosophical Transactions","Haak, Theodore",Princess Elisabeth,[],N,['Pal 258'],[],[],[],370b37e1-4976-4360-b0d2-5f18f911ccb6
146,correspondence,"Haak, Theodore",['??/??/????'],n.d.,Princess Elisabeth,"Haak, Theodore",[],N,['Pal 259'],[],[],[],d2052926-472d-4372-9e56-09d88a54b2ab
147,correspondence,"Haak, Theodore",['??/??/????'],n.d.,"Haak, Theodore",Princess Elisabeth,[],Y excerpt,['Pal 259'],[],[],[],0acbd13f-ef2d-4b7f-b69b-4401cb229237
148,correspondence,"Haak, Theodore",['??/??/????'],n.d.,Princess Elisabeth,"Haak, Theodore",[],Y excerpt,['Pal 259'],[],[],[],a2df781f-41ae-4033-8e2e-cc5def3e1652
149,correspondence,"Huygens, Constanijn",['03/09/1651'],"March 9, 1651","Huygens, Constanijn",Princess Elisabeth,[],Y excerpt,['Worp 75'],[],[],[],393cc9ca-4dab-4af1-aa1c-3777a209288d
150,correspondence,"Huygens, Constanijn",['??/??/1653'],1653,"Huygens, Constanijn",Princess Elisabeth,[],Y,['Worp 193-4'],[],[],[],06cbbdd3-5d67-497d-bfad-7e8046ef21a5
151,correspondence,"Huygens, Constanijn",['12/25/1654'],"December 25, 1654?","Huygens, Constanijn",Princess Elisabeth,[],Y excerpt,['Worp 236'],[],[],[],a329d1c3-6cac-4db1-bc3c-1f95df2a8889
152,correspondence,"Leibniz, Gottfried Wilhelm",['??/??/1678'],1678,"Leibniz, Gottfried Wilhelm",Princess Elisabeth,[],Y,"['Adams, R.M. 121, 142, 192-3', 'Philosophical Essays (AG) 235-40 (See Aiton 91-2 for a summary of the letter)']",[],[],[],8f9b67eb-0520-4b0f-bd52-3bb3aaeff95d
153,correspondence,"Leibniz, Gottfried Wilhelm",['01/13/1679'],"13 January, 1679","Leibniz, Gottfried Wilhelm","Malebranche, Nicolas",[],Y,"['Malebranche (t.18) 142-4', 'mention at 143', 'Carol Pal 264', 'Aiton 91.']",[],[],[],48887032-f5e3-41d4-9b01-ec23e5db4aa3
154,correspondence,"Leibniz, Gottfried Wilhelm",['04/26/1679'],"April 26, 1679",S. Foucher,"Leibniz, Gottfried Wilhelm",['Hanover'],Y,['Malebranche (t.18) 146'],[],[],[],c6d347d2-aeb2-4f4b-b31c-7065955794c3
155,correspondence,"Leibniz, Gottfried Wilhelm",['07/24/1679'],"July 24, 1679",F. A. Hansen,"Leibniz, Gottfried Wilhelm",['Hanover'],"Y, excerpt",['Malebranche (t.18) 161'],[],[],[],0cc7ae05-195a-4991-b529-7c349e9ee52e
156,correspondence,"Leibniz, Gottfried Wilhelm",['03/04/1685'],"March 4, 1685","Leibniz, Gottfried Wilhelm",E. Hessen-Rheinfels,['Hanover'],"Y, excerpt",['Malebranche (t.18) 355'],[],[],[],a85f4c63-6fa0-4d68-9594-79d8169c9f74
157,correspondence,"Louise Hollandine, Abbess of Maubuisson",['10/??/1679'],Late Oct. 1679,Princess Elisabeth,"Louise Hollandine, Abbess of Maubuisson",[],Y,"['Foucher 213-14', 'Godfrey 347']",[],[],[],5018e02e-70bb-4262-ad65-e5f6c900064a
158,correspondence,"Malebranche, Nicolas",['01/13/1679'],"Jan. 13, 1679","Leibniz, Gottfried Wilhelm","Malebranche, Nicolas",['Hanover'],Y,"['Malebranche (t.18) 142-4', 'mention at 143', 'Carol Pal 264.']",[],[],[],337473cc-bc6a-4a14-a1fa-18bde62fc3ec
159,correspondence,"Malebranche, Nicolas",['??/??/????'],n.d.,Unknown,Unknown,[],N,['Malebranche (t.19) 1035'],[],[],[],721c6540-9dec-49ca-aa17-aefd469c4983
160,correspondence,"Malebranche, Nicolas",['??/??/????'],n.d.,"Malebranche, Nicolas","Leibniz, Gottfried Wilhelm",[],N,['Malebranche (t.19) 1036'],[],[],[],a2dae9a2-f328-4418-9b43-5087e5daaa0b
161,correspondence,"Penn, William",['05/02/1677'],"May 2, 1677",Princess Elisabeth,"Penn, William",['Herford'],Y,"['Godfrey 326-7', 'Blaze de Bury 374-5', 'Foucher 199', 'Shapiro 211']",[],"['Barclay, Robert', 'Furly, Benjamin']",[],f7e2dc2e-3abe-43a7-83aa-0a5fc05838fa
162,correspondence,"Penn, William",['??/??/1677'],1677,"Penn, William",Princess Elisabeth,[],Y,['Shapiro 211-14'],[],"['Charles Louis (Karl Ludwig, prince of Bohemia)']",[],9e9aaef5-34e1-4524-ba63-d2d8297c5412
163,correspondence,"Penn, William","['09/04/1677', '09/14/1677']","September 4 or 14, 1677",Princess Elisabeth,"Penn, William",[],Y,['Shapiro 214'],[],[],['Apology for the True Christian Religion'],1a5ac13b-3cd4-4276-87d5-89b1e37da8fe
164,correspondence,"Penn, William",['??/??/1677'],1677,"Penn, William",Princess Elisabeth,"['“a village near Worms""', 'Wesel']",Y,"['Godfrey 328-9', 'Gummere 86-97']",[],[],[],094c6f6b-79ee-4f4c-885f-f8377647d846
165,correspondence,"Penn, William",['10/29/1677'],"Oct. 29, 1677",Princess Elisabeth,"Penn, William",[],Y,"['Blaze de Bury 380-1', 'Godfrey 329', 'Shapiro 216']",[],"['Fox, George', 'Furly, Benjamin']",[],2f488c7c-ff26-4e5b-a631-1bb9ff890cc5
166,correspondence,"Penn, William",['10/??/1677'],Before Nov. 1677,"Penn, William",Princess Elisabeth,['Briel in the Island of Vaorne'],Y,['Blaze de Bury 384-5.'],[],[],[],bf5e75c6-8c56-4920-b273-a997e3c830e9
167,correspondence,"Penn, William",['11/16/1677'],"Nov. 16, 1677",Princess Elisabeth,"Penn, William",[],Y,['Blaze de Bury 385-6.'],[],[],[],c63a7e05-66ec-4461-8288-72b4ccbe350f
168,correspondence,"Penn, William",['11/17/1680'],17 November - near Elizabeth's death in 1680,Princess Elisabeth,"Penn, William",[],Y,"['Godfrey 331', 'Shapiro 216']",[],[],[],8671341f-8092-4c2e-ab53-9578897215e8
169,correspondence,Prince Rupert,['??/??/1675'],After 1674,Princess Elisabeth,Prince Rupert,[],N,['Blaze de Bury 307'],[],[],[],f33b04e2-ee38-4057-b94c-145345538417
170,correspondence,Prince Rupert,['??/??/1665'],1665,Princess Elisabeth,Prince Rupert,[],Y,"['Godfrey 285', 'Foucher 185-6']",[],[],[],aeeaa9fd-f895-4192-a665-5ea1214b5242
171,correspondence,"Roe, Sir Thomas","['??/??/1640', '??/??/1641', '??/??/1642', '??/??/1643', '??/??/1644', '??/??/1645', '??/??/1646', '??/??/1647', '??/??/1648', '??/??/1649']",1640's,Princess Elisabeth,"Roe, Sir Thomas",['the Hague'],Y,['Godfrey 145'],[],[],[],8fc8104a-6193-4df4-ba9b-a8e4f1538f42
172,correspondence,"Roe, Sir Thomas","['08/20/1635', '08/30', '1635']","Aug. 20/30, 1635",John Dury,"Roe, Sir Thomas",['The Hague'],Y,['Cal S P Dom 345'],[],[],[],3bb7e542-bd0b-4364-ab2a-5eee4af7e700
173,correspondence,"Roe, Sir Thomas","['09/15/1635', '09/25', '1635']","Sep. 15/25, 1635",Queen Elizabeth,"Roe, Sir Thomas",['Rhenen'],Y,['Cal S P Dom 380'],[],[],[],2379eabc-a6ab-4efc-909e-53a89cbbbe32
174,correspondence,"Roe, Sir Thomas","['10/18/1635', '10/38/1635']","Oct. 18/28, 1635",John Dury,"Roe, Sir Thomas",['The Hague'],Y,['Cal S P Dom 436'],[],[],[],3908f5d5-3787-42fc-bc92-281292caac02
175,correspondence,"Roe, Sir Thomas","['11/02/1635', '11/12/1635']","Nov. 2/12, 1635",John Dury,"Roe, Sir Thomas",['Amsterdam'],Y,['Cal S P Dom 460'],[],[],[],22cb71f9-0b9e-40f5-a4e8-a795dbcb737b
176,correspondence,"Sorbiere, Samuel",['06/16/1643'],"June 15, 1643","Sorbiere, Samuel",Thomas Martel,[],Y,['Alexandrescu 11.'],[],[],[],2c662cf3-ca96-47f7-bed7-eef60d163110
177,correspondence,"Sorbiere, Samuel",['07/19/1643'],"July 19, 1643","Sorbiere, Samuel",Samson Johnson,[],N,['Alexandrescu 14'],[],[],[],1df63df6-c66d-4a5b-b237-16e6e6539514
178,correspondence,"Sorbiere, Samuel",['08/27/1644'],"Aug. 27, 1644",Samson Johnson,"Sorbiere, Samuel",[],Y,['Alexandrescu 17'],[],[],[],03971002-8dba-4f44-a62a-d59b346daae8
179,correspondence,"Sorbiere, Samuel",['06/03/1652'],"June 3, 1652","Sorbiere, Samuel",Princess Elisabeth,[],Y,['Alexandrescu 18.'],[],[],[],78f0915d-4ef5-4046-8934-97389b6d7c82
180,correspondence,Unknown,['06/??/1643'],"June, 1643",Princess Elisabeth,Unknown,['Rhenen'],Y,['Godfrey 94'],[],[],[],bdb06d47-f3cd-4fce-81bc-a20aa70529b3
181,correspondence,Unknown,['??/??/????'],n.d.,Princess Elisabeth,Unknown,[],Y excerpt,['Godfrey 273'],[],[],[],27232228-49e2-4da8-8cdb-ed13bae6bc19
182,correspondence,Unknown,['??/??/????'],n.d.,Princess Elisabeth,Unknown,[],Y excerpt,['Godfrey 274'],[],[],[],145fbf94-1ce1-4731-a8aa-381f2948c0ab
183,correspondence,"van Schurman, Anna Maria",['03/01/1632'],"March 1, 1632",Andre Rivet,"van Schurman, Anna Maria",[],Y,['van Schurman (Irwin ed 1998) 40-41'],[],[],[],84786988-a7fa-4a5f-9856-519124390a5c
184,correspondence,"van Schurman, Anna Maria",['09/07/1639'],"Sep. 7, 1639","van Schurman, Anna Maria",Princess Elisabeth,['Utrecht'],Y,"['Van Schurman 249-255', 'Blaze de Bury 171', 'Irwin 57-60.']",[],[],[],27422476-470f-40c5-98b0-1c2fcdf2646a
185,correspondence,"van Schurman, Anna Maria",['01/26/1644'],"Jan. 26, 1644","van Schurman, Anna Maria",Princess Elisabeth,['Utrecht'],Y,"['Van Schurman 266-269', 'Blaze de Bury 172-3', 'van Schurman (Irwin ed) 7 & 66-67.']",[],[],[],8e55ad5e-b89c-44ec-85df-6a868cc5640f
186,correspondence,"van Schurman, Anna Maria",['??/??/1671'],After 1670,"van Schurman, Anna Maria",Princess Elisabeth,[],N,['Godfrey 306'],[],[],[],1ee25e30-0f78-4739-83c9-7321cbbfcaa7
187,correspondence,"van Schurman, Anna Maria",['??/??/1673'],in 1673,"van Schurman, Anna Maria",Unknown,[],Y excerpt,['Pal 52'],[],[],[],e843f5f8-b502-4bd1-871f-24c53e6b3838
